,urban_area,white_pctDiff,POC_pctDiff,latino_pctDiff,black_pctDiff,asian_pctDiff,state
0,"Anniston--Oxford, AL",0.000137244947695094,-0.000232881137436402,0.000341788795452956,-0.000804483837945447,0.001673217768365,AL
1,"Auburn, AL",0.00390224962534367,-0.0086408455383219,0.0233746621588136,-0.0258881334530193,0.00967125153103532,AL
2,"Birmingham, AL",-0.0470574975831337,0.0478504944996426,-0.0229834347845807,0.0594082945121258,0.0450479206235119,AL
3,"Columbus, GA--AL",-0.0705612827080842,0.0521418813385571,-0.0193075220268874,0.0747728426493496,-0.102156361517355,AL
4,"Daphne--Fairhope, AL",-0.00225704501702184,0.00924376777601967,-0.0512579644227523,0.0546345262597891,0.00419718621514706,AL
5,"Decatur, AL",0.0166768598268622,-0.0380509604495903,-0.0188739033188659,-0.0537838946816851,0.0225298974048439,AL
6,"Dothan, AL",0.0159031341159842,-0.032936672354941,0.00139610762630496,-0.0423193374349988,0.0322035530295122,AL
7,"Florence, AL",-0.00706716769095601,0.0198118193749256,0.0330111218587854,0.019742698178874,-0.0252637444984802,AL
8,"Gadsden, AL",-0.0100543962532998,0.0235564411464125,0.0105942721342741,0.0288985543374867,0.00810712725925486,AL
9,"Huntsville, AL",-0.0368045615979421,0.056166035281015,0.0480436632223072,0.0736234172430608,-0.0276320064620134,AL
10,"Mobile, AL",-0.0476063695808478,0.046835143872886,-0.00119626104170612,0.0564701065913846,0.0132668800560591,AL
11,"Montgomery, AL",-0.0854274961189994,0.0627887824701223,-0.0173897788356612,0.0806253197613102,-0.114229099457327,AL
12,"Pensacola, FL--AL",-0.0436830128994673,0.0775185908723879,0.00392730692795746,0.117023243727221,0.0206640726657123,AL
13,"Tuscaloosa, AL",-0.00224004288353879,0.00281732993635987,0.025230353045939,-0.00310993604103325,0.0383498659081061,AL
14,"Conway, AR",-0.00303420585075111,0.00780965633453759,0.0189757880974101,0.00603914207764405,0.0112035738885706,AR
15,"Hot Springs, AR",0.00142209841553118,-0.00671044456757702,-0.0053288682563665,-0.0157464497938396,0.00795624985538947,AR
16,"Jonesboro, AR",-0.00951245797198776,0.0224589784078521,0.0162063999632127,0.02622722597306,0.00887538601733112,AR
17,"Little Rock, AR",-0.0388400872583136,0.0480694524657939,-0.015952263018777,0.066384162478547,-0.0131212749621677,AR
18,"Memphis, TN--MS--AR",0.00165395105040663,-0.00095063548922217,0.0842602493261255,-0.00968925301925112,-0.0251155858447479,AR
19,"Pine Bluff, AR",-0.00398130908433526,0.00228304105573894,-0.00204671813287977,0.00247957791163065,0.0107474210135034,AR
20,"Texarkana--Texarkana, TX--AR",-0.0280981849559191,0.0254871384541207,0.0158185589987247,0.0310471047873478,-0.132730080738716,AR
21,"Avondale--Goodyear, AZ",0.0312441835186395,-0.0257636569904307,-0.045312475189049,-0.0137177745585986,0.0743955430518174,AZ
22,"Casa Grande, AZ",0.00487188737612096,-0.00355786434194616,-0.00794641410546828,0.00085056179138479,-0.00836736939256907,AZ
23,"Flagstaff, AZ",-0.0015106764829393,0.00273821488297949,0.00608801254426265,0.0428746936908424,0.00380422986952,AZ
24,"Lake Havasu City, AZ",-0.000479877183766572,0.00220720030517191,0.00303641505555368,0.00642510349876698,-0.0147670682721637,AZ
25,"Phoenix--Mesa, AZ",-0.0135032295998018,0.017050112173313,0.0226726528158955,0.00550755176721447,0.00392430831811725,AZ
26,"Prescott Valley--Prescott, AZ",0.00201106309961391,-0.0108282002322118,-0.0159708705264142,0.0129287698639869,0.00230246493054112,AZ
27,"Sierra Vista, AZ",-0.015627769284055,0.0219214896467544,0.0147800845864064,0.0601242072744972,0.0357049959313917,AZ
28,"Tucson, AZ",0.0290015577973658,-0.0289921725034097,-0.0533788441782477,0.091968534060469,0.0746684811555501,AZ
29,"Antioch, CA",0.00491670533156299,-0.00238800693131949,-0.000562360957443304,-0.0106245352069125,0.00220903377160213,CA
30,"Arroyo Grande--Grover Beach, CA",0.0277323401140455,-0.0639979450160382,-0.10193115282604,0.0691526499566987,0.011457862241217,CA
31,"Bakersfield, CA",-0.12629373774755,0.064147613535677,0.0717226764790642,0.133307763898527,-0.0704335683006228,CA
32,"Camarillo, CA",-0.00765457700755786,0.011142977807068,0.016161703632441,0.0324738411415929,-0.00354303002785484,CA
33,"Chico, CA",0.00269257054141161,-0.00731642444672876,-0.00776639001515953,0.0143329971879677,-0.014042546421671,CA
34,"Concord, CA",-0.0094089559252388,0.0137029445258776,0.0873330908957424,0.0355843036760413,-0.0444203814970157,CA
35,"Davis, CA",0.00329447654902699,-0.0039471459529092,-0.00245077026776655,0.0142082944840824,-0.00843409810470055,CA
36,"Delano, CA",-0.0307531947767608,0.00151501721151366,0.00219308165506107,-0.294088925775215,0.0293969228920448,CA
37,"El Centro--Calexico, CA",0.014060628898497,-0.00126733819312438,-0.00188337525117,0.0172998701357142,0.00335928099640992,CA
38,"El Paso de Robles (Paso Robles)--Atascadero, CA",0.00114337331791504,-0.0027505834147195,-0.0027312876713591,0.00072626663398444,-0.00871444292306501,CA
39,"Fairfield, CA",-0.0298246568899134,0.0122367308201573,0.0295553281040818,0.0199802899346987,-0.0306170569084928,CA
40,"Fresno, CA",-0.0547498632002117,0.0254518050044316,0.0383291180389508,-0.00820491501430139,0.00846821302020782,CA
41,"Gilroy--Morgan Hill, CA",-0.0449826813373047,0.0189225062492053,0.0277954234005274,-0.0218457059100903,-0.0356441692137357,CA
42,"Hanford, CA",0.0227786942122837,-0.0187517566628915,-0.0101325089021479,-0.0201168669250988,-0.113065138497547,CA
43,"Hemet, CA",-0.00167108128395486,0.0011362332953281,0.00416618916752381,0.00189989403806273,-0.0269806834626791,CA
44,"Indio--Cathedral City, CA",0.0528652693855835,-0.0324525481869515,-0.0399869146730398,0.000263797156965371,0.0751916510253624,CA
45,"Lancaster--Palmdale, CA",-0.0289911265028602,0.0119735350336943,0.00813915074099415,0.0447498495556,-0.0462754410842654,CA
46,"Livermore, CA",-0.00471809576582286,0.00773314139519058,0.0224002576868011,-0.0067217864125191,-0.013625842749381,CA
47,"Lodi, CA",-0.0193247522083605,0.0147789952598228,0.0156164840772733,-0.00923050532722137,0.0172540221172214,CA
48,"Lompoc, CA",-0.045099137180142,0.023057363195242,0.0418809918577086,-0.0688814146776054,-0.0531314716765371,CA
49,"Los Angeles--Long Beach--Anaheim, CA",-0.0371367649066311,0.0139320236406351,0.020587180312065,0.123272547244255,-0.0444759496740625,CA
50,"Madera, CA",-0.032334192921275,0.00610295393305887,0.00909130032373167,-0.114171913984872,-0.0309103073529582,CA
51,"Manteca, CA",-0.00293506064350623,0.00234005798867016,0.00704815561990812,-0.00305679222894073,-0.0244826187429806,CA
52,"Merced, CA",0.00310261189111527,-0.00131712681076039,0.000359109263858609,0.00690309849767849,-0.0105770879456992,CA
53,"Mission Viejo--Lake Forest--San Clemente, CA",-0.0152655951733569,0.0282028807214405,0.0221089619710544,0.0275135729244581,0.0449065445777442,CA
54,"Modesto, CA",0.0113575175529851,-0.00795494370517911,-0.00890522813586387,0.0386283846117645,-0.0193028575871701,CA
55,"Murrieta--Temecula--Menifee, CA",0.00241306839353802,-0.00242408943225864,-0.0137169948636423,0.0209354618018803,0.0178877441361938,CA
56,"Napa, CA",-0.0116570165207692,0.013263811219146,0.0174900006954478,-0.000429672855794512,-0.0276918498821209,CA
57,"Oxnard, CA",-0.0844998999979868,0.0318579537661251,0.0355470610872225,0.0185883726413326,0.0254633682809884,CA
58,"Petaluma, CA",-0.0168629932068716,0.0360586468430675,0.0411993431715793,0.0247154885056949,0.0799115154744629,CA
59,"Porterville, CA",0.00415126047643157,-0.00138025860290742,-0.00282666296349887,0.000263336691824879,0.0196291495111743,CA
60,"Redding, CA",-0.0069178869193938,0.0242024593759541,-0.00167929970322165,0.1010737246312,0.114484354548737,CA
61,"Reno, NV--CA",-0.0761022794131036,0.115170729794415,0.155741574275499,0.0586794513066574,-0.0208690308632991,CA
62,"Riverside--San Bernardino, CA",-0.111956300996175,0.035983863006155,0.0550654421077327,0.00467224309171161,-0.0704121555675504,CA
63,"Sacramento, CA",0.0332358062727609,-0.0333974014899486,1.22277819467942e-05,-0.0281121221227729,-0.10146075499203,CA
64,"Salinas, CA",-0.114408039137734,0.0213122915120667,0.0147932670626918,0.089192808869432,0.0933277772580621,CA
65,"San Diego, CA",-0.0511271314660856,0.0415571556727428,0.0134453387916437,0.180296729141628,0.0745001155358516,CA
66,"San Francisco--Oakland, CA",0.0336395807154306,-0.0183900228408357,-0.0558509319395974,-0.0021955146244168,0.00875724748269756,CA
67,"San Jose, CA",-0.00896186849968653,0.00423059749649134,0.0372316808164583,0.0168243838789724,-0.020464524868785,CA
68,"San Luis Obispo, CA",0.00454402665264908,-0.0114611012544654,0.024150941592088,-0.0939642870630305,-0.0720432279275893,CA
69,"Santa Barbara, CA",-0.00776690369294033,0.00894312503645348,0.0602060456838475,-0.0755364580407363,-0.204620185365408,CA
70,"Santa Clarita, CA",-0.00590187085639184,0.00559330692065677,0.0190186629979424,-0.0232449636176547,-0.0184612913382779,CA
71,"Santa Cruz, CA",-0.00643981078930074,0.0130345488026758,0.0613813042573118,-0.00582892933764129,-0.126346797277069,CA
72,"Santa Maria, CA",-0.135714139127065,0.0474346349591529,0.0554505245000775,-0.0317302884253505,-0.029770529419108,CA
73,"Santa Rosa, CA",-0.0280745618398479,0.0369968238405681,0.0484883658550355,0.0654740840153676,-0.0298275830823203,CA
74,"Seaside--Monterey, CA",-0.0578726950585107,0.0666025124372339,0.0891417923882673,0.102531386106067,-0.00159171123815955,CA
75,"Simi Valley, CA",-0.00138384932351587,0.00210759240142824,0.00725537102602431,-0.00144063963567835,-0.0111859950962408,CA
76,"Stockton, CA",-0.0180035630432934,0.00526392268303371,0.00342994489311602,0.000561025954051902,0.0100050750508667,CA
77,"Thousand Oaks, CA",0.0032280344200623,-0.00645129088352598,-0.0178473218503067,0.025205484385519,0.0122126598324355,CA
78,"Tracy, CA",-0.00194576765679276,0.000976547657346925,0.00488162780743075,-0.0108420511789485,-0.00408769277611637,CA
79,"Turlock, CA",0.00971179216883739,-0.00958657317598864,-0.0127201267621916,0.02558777067529,-0.0319770823064486,CA
80,"Vacaville, CA",-0.0145136345535329,0.0163757179450103,0.0100965536499412,0.0323009447051338,0.017562620657507,CA
81,"Vallejo, CA",0.00906947404566527,-0.00390999137371561,-0.0265310422159026,-0.00342487639163197,0.0139138663028323,CA
82,"Victorville--Hesperia, CA",-0.0186480430786495,0.00993479901817565,0.00798591375152143,0.0202037788164624,0.0080791881272964,CA
83,"Visalia, CA",0.0209443126201812,-0.0121625611299416,-0.0171882269599771,-0.0522567214186002,0.0544369252703973,CA
84,"Watsonville, CA",0.0013681306709204,-0.00026767668037259,0.000640039323970122,-0.0487093299406715,-0.00653434507654492,CA
85,"Woodland, CA",-0.0200932409640422,0.0100160274013172,0.00911753795700548,-0.0124836623394587,0.0164066320864441,CA
86,"Yuba City, CA",0.0034055075472867,-0.00309266832044005,0.00149625519119994,-0.0137494191615902,-0.0115310581028059,CA
87,"Yuma, AZ--CA",-0.0370250395459715,0.0235090497221859,0.0243265420764768,0.0277730226029118,0.0219291007135615,CA
88,"Boulder, CO",-0.00826768709445368,0.0346506171006267,0.0158082621536943,0.0289852360171412,0.0644915418183264,CO
89,"Colorado Springs, CO",-0.00996642622538925,0.0207992443848201,0.0275929505253028,0.024917462512281,-0.0154052719585333,CO
90,"Denver--Aurora, CO",-0.0336391694768829,0.056459423853821,0.0281781597374511,0.216210218269291,0.0172466393801436,CO
91,"Fort Collins, CO",-0.000739760943445851,0.00336784804513691,-0.00590908931614575,-0.00999117817451464,0.0412449766921952,CO
92,"Grand Junction, CO",-0.00320230672117441,0.0120517441470564,0.00981801544295873,0.0680402834657467,-0.063964738271621,CO
93,"Greeley, CO",-0.00394515122717332,0.00640968625825812,0.00279920502987333,0.031092434639047,0.0100841745893309,CO
94,"Lafayette--Louisville--Erie, CO",-0.00343610208271915,0.0143975825736374,0.0220815827203589,-0.0132057665873124,-0.0048075903552747,CO
95,"Longmont, CO",-0.0184316892608842,0.0396489573384649,0.0436229437512378,0.0132225278735988,-0.00446383986251146,CO
96,"Pueblo, CO",-0.036315145412717,0.0327687249732597,0.0336146270205624,0.0474096012158968,-0.122489262817664,CO
97,"Hartford, CT",-0.173517576153872,0.271910702952128,0.409294964247292,0.237158343149032,-0.0356209131485305,CT
98,"New Haven, CT",-0.128673956492149,0.205791293844411,0.210106724211528,0.25830809327653,0.076378685329556,CT
99,"New York--Newark, NY--NJ--CT",-0.214189622951862,0.168832031090883,0.0488882969705771,0.318712287409188,0.213483341742982,CT
100,"Springfield, MA--CT",-0.138227296933785,0.24828647731022,0.284982712100374,0.336023535610615,-0.105263872183839,CT
101,"Waterbury, CT",-0.0813568798639837,0.103541662590513,0.126528558028153,0.0989656508487868,-0.00759662293350564,CT
102,"Worcester, MA--CT",-0.122800417844704,0.292456436541718,0.387058005047698,0.358698641373228,0.120242830444292,CT
103,"Dover, DE",0.00174416793628367,-0.0025543761074811,0.00109155131474412,-0.00499963220318811,0.00061479746297732,DE
104,"Salisbury, MD--DE",-0.00373258119996269,0.00427320053188981,-0.00250669005747457,0.00639742456908431,-0.0026907669178116,DE
105,"Bonita Springs, FL",0.0251806442223035,-0.0611654104636083,-0.0666608876603422,-0.0722835306099015,0.0214255567343362,FL
106,"Cape Coral, FL",0.0257480825226594,-0.0482825525778668,-0.0459457133045452,-0.0661307294716508,0.0119753346641537,FL
107,"Deltona, FL",-0.00323740248033374,0.00511781160740461,0.000566207091615635,0.0131033326225697,0.0480468208571969,FL
108,"Fort Walton Beach--Navarre--Wright, FL",-0.0139347002806444,0.0395582525795645,0.0478835707503974,0.0676407709184193,0.0171975749590886,FL
109,"Gainesville, FL",0.0196881563663719,-0.0275287128745387,0.0232924637890209,-0.0621922996539307,-0.0209375351913779,FL
110,"Homosassa Springs--Beverly Hills--Citrus Springs, FL",-0.0021776410323416,0.0138742529683406,0.0118952249923318,0.0254409366848477,0.00443843257723457,FL
111,"Jacksonville, FL",-0.0305248187827211,0.0409356416543937,-0.0172180284081669,0.0790925202048996,-0.0254671419810335,FL
112,"Kissimmee, FL",0.0341092295646175,-0.0144015402030131,-0.0307315788196397,-0.0389354392443815,0.181904733710513,FL
113,"Lady Lake--The Villages, FL",0.0186405877310715,-0.24565169418955,-0.268021050114469,-0.224935934562826,-0.198647152091663,FL
114,"Lakeland, FL",-0.0171577486416456,0.0309611594738707,0.00587229606257399,0.0706981668780058,-0.0351911325220574,FL
115,"Leesburg--Eustis--Tavares, FL",-0.010145019968027,0.0288101519660629,-0.0306525090064469,0.0763727547531886,-0.0301525285073055,FL
116,"Miami, FL",-0.143361539917643,0.064561623301051,0.0919752282768637,0.0371431082045171,-0.0953557755609009,FL
117,"North Port--Port Charlotte, FL",-0.00408833287386229,0.0168356785053491,0.026027812269204,0.00463873520875976,-0.0113999102197476,FL
118,"Ocala, FL",0.0371919773924044,-0.0714649314491919,-0.0798296373953932,-0.068549975024274,-0.0368759086681768,FL
119,"Orlando, FL",-0.00232098418705484,0.00214640451823498,-0.0153510785997801,0.0292070539029984,-0.0120513661006199,FL
120,"Palm Bay--Melbourne, FL",0.014411839039167,-0.038011193710356,-0.0384606942172799,-0.0917382819435853,0.107780737681936,FL
121,"Palm Coast--Daytona Beach--Port Orange, FL",-0.025656046825959,0.0661561085599452,0.000970433992538442,0.112442471706757,-0.0145925496070863,FL
122,"Panama City, FL",-0.00915549726497029,0.0224466134691807,0.0115023921073642,0.0331503577819941,-0.000567321377878243,FL
123,"Port St. Lucie, FL",-0.0234970021935479,0.0477249260451868,0.0314282422353082,0.0683343102428714,0.0471033499006269,FL
124,"Sarasota--Bradenton, FL",-0.0171945150320617,0.0508513600477162,0.0519060697464041,0.0626517129070822,0.0410141809015219,FL
125,"Sebastian--Vero Beach South--Florida Ridge, FL",-0.000169210696118966,0.000532224265371486,0.00299513611287132,-0.00167511927070085,0.0103267492544022,FL
126,"Sebring--Avon Park, FL",-0.00346125366763411,0.00729327308059838,0.00404519852210078,0.0117020661213943,0.00793596066854583,FL
127,"Spring Hill, FL",-0.000138981631080641,0.000502960926938468,-0.000369780522206333,0.00445708672650066,-0.00743978883238932,FL
128,"St. Augustine, FL",-3.72770565445959e-05,0.000211171131658407,-0.000342455228237404,-0.0005794136304299,0.00325609429994974,FL
129,"Tallahassee, FL",-0.0163828717678618,0.0186466916808574,0.0302184701954725,0.0245083343455194,-0.0483109273321014,FL
130,"Tampa--St. Petersburg, FL",-0.00509606667050875,0.00835146250505152,-0.0115461609838233,0.0145442161247386,0.0902753893857715,FL
131,"Titusville, FL",0.000554698941768295,-0.00263363465855528,0.0210209671661831,-0.0352781777864302,0.00978643319351458,FL
132,"Winter Haven, FL",0.00030731218336959,-0.000450571206270443,-0.0247319930363197,0.0201613655583112,0.0290088231210453,FL
133,"Zephyrhills, FL",-0.00317652155743727,0.0107263375727466,0.000583813875352065,0.0176314938116671,0.0287639535245127,FL
134,"Albany, GA",-0.0871659109180717,0.0327095174020385,0.00571496460827075,0.0380879585093431,-0.128456987452129,GA
135,"Athens-Clarke County, GA",0.0147146426079281,-0.0241672978023536,-0.0673059194591897,-0.0321695494610269,0.0621216494224933,GA
136,"Atlanta, GA",-0.0351555220141406,0.0269555707975141,0.0297668190570298,0.0186529090152381,0.0719819445326647,GA
137,"Brunswick, GA",0.00208919280674761,-0.00288750146802672,0.000249035313905364,-0.00444839600628719,0.00674539629644481,GA
138,"Cartersville, GA",-0.00836962711014264,0.0233870800409449,0.0276386271593789,0.0194342520616642,0.0736979728196816,GA
139,"Chattanooga, TN--GA",-0.0284643093325038,0.0641486641438057,0.0438684847310021,0.0751977096616374,0.0569901135918765,GA
140,"Dalton, GA",0.000988284867282518,-0.00122069248826235,-0.00231528335410975,0.0037091231636074,0.00831581915425151,GA
141,"Gainesville, GA",0.0283351294927955,-0.0342867215198457,-0.039557820476895,-0.0340268070319651,-0.0040637741245293,GA
142,"Hinesville, GA",-0.00317283511761825,0.00176401787636419,-0.000967703072788497,0.00303639707206877,-0.000696893904573739,GA
143,"Macon, GA",-0.0596408655654024,0.0294901220125851,-0.0705925985817289,0.0365874155184063,-0.0457026363642796,GA
144,"Rome, GA",-0.00161972844228612,0.00344522067767091,-0.0214808302419284,0.0173650253634965,-0.0225385071357058,GA
145,"Savannah, GA",-0.0362480937418362,0.026766233334766,-0.0903928127339713,0.0493583747505408,-0.0694013314887482,GA
146,"Valdosta, GA",-0.0499311797362078,0.0340641330512853,0.00637468772507989,0.0399766047743845,-0.0057675577557083,GA
147,"Warner Robins, GA",-0.00395088520199555,0.00560797828662636,0.0133274970373047,0.00467696192513964,-0.015543940035087,GA
148,"Ames, IA",0.000867225307673136,-0.00370140854191164,-0.00370019997087373,4.43461123409919e-05,-0.00107614399350784,IA
149,"Cedar Rapids, IA",-0.000486094826958828,0.0026405268392298,-0.00323782779184462,-0.00340606307679204,0.0407945560464299,IA
150,"Des Moines, IA",-0.0249460416795003,0.0802816240870715,0.074267117859761,0.121817286114911,0.0445471702090559,IA
151,"Iowa City, IA",0.0154449793238907,-0.0507385715727308,-0.0382700464898227,-0.100164436232994,-0.0410403686940934,IA
152,"Omaha, NE--IA",-0.0326152481185645,0.0884070167953585,0.0679217138667644,0.142478444299871,0.0719816683433865,IA
153,"Waterloo, IA",-0.0160915384617583,0.0599690082752929,0.0735339486880021,0.0696051223226674,0.00121260037796985,IA
154,"Boise City, ID",-0.00767788042914766,0.0414759510227047,0.07297186307047,0.0481050973843505,-0.0289304600454634,ID
155,"Coeur d'Alene, ID",-0.000327592587286973,0.00332090561215847,-0.000832386803238805,-0.0134943773693347,-0.018349063991401,ID
156,"Idaho Falls, ID",0.00163101696364036,-0.00751923632338044,-0.0171884487070227,-0.0115708537439499,0.0327785276792646,ID
157,"Nampa, ID",0.00380772909812552,-0.0078004116545437,-0.00836820934953748,-0.0158815222303481,0.00848145755207176,ID
158,"Pocatello, ID",0.00424730641896709,-0.0219614885242232,-0.00117077766021285,-0.00304869436424027,-0.0404214114729897,ID
159,"Beloit, WI--IL",-0.00903710407275747,0.020251178774286,0.0271895520129869,0.0177356069585166,-0.0182180479066004,IL
160,"Bloomington--Normal, IL",0.00175889762623458,-0.00596489440324718,-0.00282664370440519,-0.0135267561372916,0.00259453200024835,IL
161,"Cape Girardeau, MO--IL",-0.00202564674874144,0.00869298314839218,0.00136516996084936,0.0107752347799552,0.00857373000188276,IL
162,"Carbondale, IL",-0.036405712333299,0.0704051893140647,0.0627851983203275,0.0851087890402074,0.0355934768376005,IL
163,"Champaign, IL",-0.00477541921777085,0.00768679901196926,-0.00149714326046851,0.0103511019795888,0.0132191813674744,IL
164,"Danville, IL",0.000825478509643052,-0.00308566654916126,0.00192315954415156,-0.00591314022410738,0.0117598564472956,IL
165,"Davenport, IA--IL",-0.00187450900805224,0.00526433253650178,0.0652786063436117,-0.0604695425760708,0.0278289045040804,IL
166,"DeKalb, IL",-0.00593717268003635,0.0128106933973497,-0.000816827862433225,0.0168450668626606,0.0281258203276765,IL
167,"Decatur, IL",-0.0409292145704197,0.0902442005309332,0.073508257205072,0.110625869836703,-0.0413139566133776,IL
168,"Dubuque, IA--IL",0.000839654953479655,-0.00856789247540342,0.0290053839889443,-0.0107378564320154,-0.0379397902300915,IL
169,"Kankakee, IL",-0.00720767827075586,0.0119495955392277,0.00446313106072777,0.0167068703326718,0.0104573662701189,IL
170,"Kenosha, WI--IL",-0.0158726262737015,0.0362092462340937,0.0425670710474383,0.0550294062375103,-0.187838166568051,IL
171,"Peoria, IL",-0.0465016947409007,0.123175979162685,0.0788501689315257,0.177494412696129,-0.0520992042829761,IL
172,"Rockford, IL",-0.00775062937839844,0.0152668226463759,-0.00274415208172064,0.0354708882555763,-0.0141423950389804,IL
173,"Springfield, IL",-0.0140489369062998,0.0387707251911799,0.0654363069207227,0.0469659975008172,-0.037921528184567,IL
174,"St. Louis, MO--IL",-0.102635008328738,0.205830118728879,0.067045361410935,0.263074185775216,0.0176824972177831,IL
175,"Anderson, IN",-0.0123815988406692,0.0442510743676554,0.0458488599336598,0.0555486870752754,-0.0269721094538252,IN
176,"Bloomington, IN",-0.00319433998916888,0.0131291527253109,-0.00646782674214831,-0.00286182454423781,0.0362988437587,IN
177,"Chicago, IL--IN",-0.106664543180824,0.106100312135681,0.0979567179380897,0.128335570953779,0.0861452024875892,IN
178,"Cincinnati, OH--KY--IN",-0.0625843640859666,0.183415064166495,-0.0139066873865727,0.275487007657197,-0.00645545738247947,IN
179,"Columbus, IN",-0.000688040714032215,0.00314406141939927,0.000538921554630589,0.0111068028321419,0.00336667843506234,IN
180,"Fort Wayne, IN",-0.0113875024437635,0.0256987622354808,0.0155861564488516,0.0350169349517613,0.0168831849215706,IN
181,"Indianapolis, IN",-0.0464248804115488,0.086319977047842,0.0268091558785495,0.143307318728676,-0.0815938345970781,IN
182,"Kokomo, IN",-0.00160338315110436,0.0104774295440137,0.0119038449429682,0.0100544695048337,0.0248253781043288,IN
183,"Lafayette, IN",0.00236135710152293,-0.0069942153863652,0.00913822643903016,0.0792105119847562,-0.075919048864407,IN
184,"Louisville/Jefferson County, KY--IN",-0.0307776130691042,0.0770645215044848,-0.00572792099789436,0.115384177577072,0.0194014256842165,IN
185,"Muncie, IN",-0.00281931049637238,0.014319222300176,0.0257764888165841,0.00756840421302897,0.0257514071754837,IN
186,"Terre Haute, IN",-0.00624763912042826,0.029081802966239,0.0305931820840766,0.0397707973139233,-0.0726464908295461,IN
187,"Kansas City, MO--KS",-0.0189050519627009,0.0373667268312828,0.0484929278766613,0.0582567978751838,-0.0409272050287551,KS
188,"Lawrence, KS",0.00426431128305657,-0.0148179596780725,-0.012069463068466,-0.0498924535407122,0.0143334161151436,KS
189,"Manhattan, KS",-0.000378889160177811,0.00143795621362918,0.00712045432713495,-0.0148154402172835,0.0144519475165462,KS
190,"St. Joseph, MO--KS",0.000851135656454049,-0.00434730002778864,-0.000604690234736313,0.00809040864194548,-0.013247386089016,KS
191,"Topeka, KS",-0.0108654858741059,0.022912440135651,0.0257153656154816,0.0249996013913308,-0.0345404537006849,KS
192,"Wichita, KS",-0.0483948854904661,0.0840156049189585,0.0834000394965769,0.149217472341247,-0.0221347187312339,KS
193,"Bowling Green, KY",-0.00778670832829558,0.0242532064899632,0.00181796505530549,0.0370263530648394,-0.0132420971104009,KY
194,"Clarksville, TN--KY",-0.00170060131988944,0.00242092607898995,-0.0103418586706775,0.00969292161450592,-0.00788124888783735,KY
195,"Elizabethtown--Radcliff, KY",-0.00436304997032066,0.00982131694873096,0.00440835951801055,0.0127973043706874,0.00344870407362896,KY
196,"Evansville, IN--KY",-0.0212214747959951,0.103020648840529,0.11770298943511,0.130647065220944,-0.149264705648766,KY
197,"Lexington-Fayette, KY",0.0108487865113985,-0.0263818750292699,-0.0566314254730994,-0.0323182424123482,0.0397865882546773,KY
198,"Owensboro, KY",-0.00465123167411066,0.0302760541444661,-0.00103377279374095,0.0408355389737233,-0.0120305636662819,KY
199,"Alexandria, LA",-0.131474773850902,0.10292172876272,-0.0934158644581858,0.123636529169552,-0.00946166997536786,LA
200,"Baton Rouge, LA",-0.0288764458639223,0.031138729352915,-0.00617888458301396,0.0258916977939303,0.175084684647195,LA
201,"Hammond, LA",-0.0115821135869755,0.0188091419423563,0.00957769799169529,0.0207858069568123,0.0382483331512411,LA
202,"Houma, LA",-0.0128514637846912,0.0261432108674351,0.0441609591076707,0.0291437467883797,0.0400927565886462,LA
203,"Lafayette, LA",-0.0163589294050008,0.0291461293062773,0.0303986385468613,0.0355596867067309,0.0268514014384933,LA
204,"Lake Charles, LA",-0.0357908205677652,0.0425841495428663,0.046247825147282,0.0409469713121271,0.133784767461504,LA
205,"Mandeville--Covington, LA",0.00067651569688021,-0.00446052532216241,-0.000470427180093537,-0.0334252751115275,0.0618546019566898,LA
206,"Monroe, LA",-0.125798904112601,0.0690438353992092,-0.0295928495237622,0.0747334121017828,-0.0973403356299087,LA
207,"New Orleans, LA",0.0775667368944958,-0.0666363510478391,0.0245739257175362,-0.0963285367357215,-0.0640986216470279,LA
208,"Shreveport, LA",-0.0270097886486866,0.0196348862786466,-0.0468582809412483,0.0289584256187228,-0.0524663067150787,LA
209,"Slidell, LA",0.00643018646302006,-0.0158150284685687,0.00221777127403029,-0.0124791849612445,-0.02336633172677,LA
210,"Barnstable Town, MA",-0.00273252161189356,0.0244117976447146,0.0163633363215754,0.0324802888028978,0.0288179745015393,MA
211,"Leominster--Fitchburg, MA",-0.0468144652476651,0.115253109111742,0.135936825268977,0.0460614051140263,0.127226777618037,MA
212,"Nashua, NH--MA",-0.0409729483606267,0.241056515967979,0.333068104697732,0.258526696471512,0.0878311070913104,MA
213,"New Bedford, MA",-0.060373065088432,0.149200020114865,0.160024393948498,0.199035319919599,-0.0444655979144899,MA
214,"Pittsfield, MA",0.00206566901322124,-0.0178812496641234,-0.0170083532326396,-0.0327927585258495,0.00375708610481818,MA
215,"Providence, RI--MA",-0.126099088796209,0.323934467499728,0.392601968660229,0.349054784766655,0.134608871950446,MA
216,"Aberdeen--Bel Air South--Bel Air North, MD",-0.00781521607416505,0.0307640672746117,0.0264772612519364,0.0364815135668719,0.0267025746076439,MD
217,"Baltimore, MD",-0.112086533212752,0.107331712146018,-0.0459862930034537,0.196330843108898,-0.207705893899695,MD
218,"Frederick, MD",-0.0184557805832233,0.0302954983292313,0.0261869720437168,0.044201410883631,0.0115840045825474,MD
219,"Lexington Park--California--Chesapeake Ranch Estates, MD",0.00452036572400008,-0.00892011473659528,-0.00889501041564511,-0.00914359621442282,-0.0119817933528755,MD
220,"Philadelphia, PA--NJ--DE--MD",-0.229582980010475,0.34076920757156,0.358058288980214,0.423236335309758,0.120528097196561,MD
221,"Waldorf, MD",-0.0306638075953886,0.0138527028449616,0.00433253699498893,0.0155483213018722,0.0158609885934136,MD
222,"Washington, DC--VA--MD",-0.0903092299420377,0.064039039797052,0.0129699673168185,0.250515171255573,-0.249838061273295,MD
223,"Westminster--Eldersburg, MD",0.00197214949282483,-0.0158306771821428,-0.019010275513743,-0.0262230177380178,0.00258863833987755,MD
224,"Bangor, ME",0.00060976164618597,-0.00896870427326753,-0.00485353238764009,-0.00819284148213869,-0.00431024583158799,ME
225,"Dover--Rochester, NH--ME",-0.00408890577908238,0.0379849277012915,0.0185839886761186,0.0280834162572032,0.0586207593947089,ME
226,"Lewiston, ME",-0.00990793024846764,0.0624098299392953,0.0868427237387152,0.11437180652198,-0.0215577768059671,ME
227,"Portland, ME",-0.022468144846595,0.169992550477136,0.104951795288755,0.420314891015556,-0.0118702163990181,ME
228,"Portsmouth, NH--ME",1.85055859937924e-06,-1.95656182585783e-05,-0.00332003820814838,0.0333851054652477,-0.011780681545332,ME
229,"Ann Arbor, MI",-0.00688456132465505,0.0128690243126463,0.013817378053766,0.011391084541481,0.0204859298546118,MI
230,"Battle Creek, MI",-0.00884516150289617,0.0206733882734146,0.0147023121413545,0.0329203502608097,-0.0683602900794499,MI
231,"Bay City, MI",-0.00727298679177609,0.0502778477297321,0.0514317007959608,0.0693610346418694,0.0159800257211447,MI
232,"Benton Harbor--St. Joseph--Fair Plain, MI",0.013041901768684,-0.00945600014790978,-0.011979091121835,-0.00990671823692113,0.0141863123260212,MI
233,"Detroit, MI",-0.0596993888476254,0.0968833036131787,-0.0325260023524171,0.160823529703208,-0.103424077890973,MI
234,"Elkhart, IN--MI",-0.0097740756978323,0.023164363169804,0.00285718773543077,0.0706350484031679,0.00378731387302598,MI
235,"Flint, MI",-0.0360949349633292,0.0656769563584954,0.0174540619125394,0.0826558730952828,-0.0848043495926452,MI
236,"Grand Rapids, MI",-0.0545421700017022,0.128990204092893,0.125720555401011,0.194281114002266,-0.0176471377381659,MI
237,"Holland, MI",-0.0119069842945983,0.0248943566895152,0.0277386706599846,0.0391823493808405,0.0195934305807409,MI
238,"Jackson, MI",-0.0157902250519895,0.0478580957237151,0.0353323052893634,0.0611576013781945,-0.0332298439969982,MI
239,"Kalamazoo, MI",-0.0166095169664151,0.0445442778489764,0.0525586379735364,0.0596921816426522,-0.016120706134255,MI
240,"Lansing, MI",-0.0146356606179013,0.0300231628736729,0.0317321970664451,0.0328471305517336,0.0127687191309895,MI
241,"Michigan City--La Porte, IN--MI",-0.00282654146845241,0.00613861623205456,0.0024942625370204,0.00417979096514176,0.021274680176025,MI
242,"Midland, MI",-0.0027720574391821,0.0227666412010685,0.0241377068568794,0.0542400791859195,0.00388117017669004,MI
243,"Monroe, MI",-0.00116932645560754,0.00958131402265654,0.00961535366399167,0.00601727814281064,-0.00577706875813782,MI
244,"Muskegon, MI",-0.0446665346561702,0.110522039070299,0.0491770119403684,0.140565418636825,-0.103863020349593,MI
245,"Port Huron, MI",-0.00087603300834758,0.00568960759401366,-0.0050577318177114,0.0149049997809581,0.0165295632806416,MI
246,"Saginaw, MI",-0.0606147980473412,0.0587629120774189,0.0392221198465369,0.0725950868428995,-0.121335937685898,MI
247,"South Bend, IN--MI",0.00290168695357584,-0.00693280923613032,-0.037478723894241,0.00377397526573173,0.0270022578991461,MI
248,"South Lyon--Howell, MI",-0.00109981627756428,0.0170878809816389,0.0181364580018587,0.0424089909044946,0.0257608566070088,MI
249,"Toledo, OH--MI",-0.0410277863161758,0.0947933950922578,0.0588136436284982,0.131492610955991,-0.0719126415158825,MI
250,"Fargo, ND--MN",-0.0051601402009533,0.0298442237669118,0.0285412688389123,0.0523202788702976,0.0259696677020183,MN
251,"Grand Forks, ND--MN",0.00944337525213899,-0.0504432071537821,-0.0192282226838253,-0.048739505005446,-0.105144188492812,MN
252,"La Crosse, WI--MN",-0.000530524198620751,0.00413381729550928,0.00681056024385216,0.04849274623008,-0.0121910415611043,MN
253,"Mankato, MN",-0.000310089389493153,0.00243570130555797,0.000388855768207878,6.15134657088872e-05,-0.00611997875167668,MN
254,"Rochester, MN",-0.00401898461560812,0.0143514319420762,0.060180000810504,0.00946903361626676,-0.0377510368412638,MN
255,"St. Cloud, MN",-0.00869448738837914,0.0373071024083183,-0.00414031465921329,0.0539285553122987,0.0337009992346306,MN
256,"Alton, IL--MO",0.0104835803595519,-0.0671134345880346,-0.0302972768305422,-0.0920270937255274,0.0485960590866968,MO
257,"Columbia, MO",-0.00140755624147181,0.0043364617065581,-0.000956182784029143,0.00949081841417827,0.00438898749607987,MO
258,"Fayetteville--Springdale--Rogers, AR--MO",-0.0286078220166987,0.0560862112895649,0.0786317997593126,-0.00390496400667011,-0.00647982487093496,MO
259,"Jefferson City, MO",-0.00403315928074029,0.0141516002505223,0.0192082243486601,0.0111981996662323,0.0265114010136245,MO
260,"Joplin, MO",-0.000458077260583129,0.00280401183333043,-0.0323735837806926,0.0333210296336893,0.0125704525083194,MO
261,"Lee's Summit, MO",-0.00432935880695132,0.0188248610244847,-0.00358149950082211,0.0338517528608833,0.00962542054453165,MO
262,"Springfield, MO",-0.00878134131328656,0.0592728974134921,0.0433271217082099,0.0932375023162823,0.0964587304862383,MO
263,"Gulfport, MS",-0.017299663083053,0.0306691667129449,0.0317310046992375,0.0415804755745421,-0.0376190432834595,MS
264,"Hattiesburg, MS",-0.0107852620095505,0.0119287635876622,-0.00277220517339421,0.0151568188795019,0.00549865863605723,MS
265,"Jackson, MS",-0.0746927039816096,0.0429160319503908,-0.0437977962816546,0.0501953049285866,-0.0996015124918965,MS
266,"Pascagoula, MS",-0.00337138296222956,0.00384319568703894,0.000128389953316976,0.00522432898325242,8.89793108317282e-05,MS
267,"Billings, MT",-0.000671690528079371,0.00438240305111627,0.0156571353669177,0.0335966424737904,0.0124466691578669,MT
268,"Great Falls, MT",-0.00591265524505813,0.029701005159015,0.0197221948148996,0.0472134738823731,-0.0933331959363346,MT
269,"Missoula, MT",-0.00365133137823703,0.0307564136971845,0.0148523801735015,0.0842967119388011,0.096431356088729,MT
270,"Asheville, NC",-0.0106859925110466,0.0479046903347091,0.0245330539131556,0.091629347095401,0.0481429321865367,NC
271,"Burlington, NC",-0.00979417792295157,0.0144615266427676,0.0219319385429642,0.0131378594317795,0.0128269234763683,NC
272,"Concord, NC",-0.011724145816057,0.0207839805891722,0.0145049003464994,0.0126599625388354,0.144666618627489,NC
273,"Durham, NC",-0.0236807307103949,0.019965895057258,0.005804332530484,0.0343119843388049,-0.0164931079590205,NC
274,"Fayetteville, NC",-0.00255925070214915,0.00193620056512386,-0.0156206781762172,0.0120243664986533,-0.00818876548940045,NC
275,"Goldsboro, NC",-0.0104633862994296,0.00973151898168517,0.000559484694334671,0.0109606121837096,0.019345041571894,NC
276,"Greensboro, NC",-0.0369771599784521,0.0354329158171671,0.0151651618230919,0.0466577025979892,-0.00317300049638077,NC
277,"Greenville, NC",0.0149280793897367,-0.0191265049431293,-0.0214360835463008,-0.023775065278529,0.0336032844465401,NC
278,"Hickory, NC",-0.0140472556895028,0.0462952525232683,0.0455378986916536,0.0586761158835464,0.034718459211248,NC
279,"High Point, NC",-0.0512176430200734,0.0613698316389339,0.0188335177456824,0.0814487355390306,0.0388900964094576,NC
280,"Jacksonville, NC",-0.0011514198615911,0.00161298922462205,-0.00696221085908588,0.0094650095213405,0.0103059237542343,NC
281,"Myrtle Beach--Socastee, SC--NC",-0.00121423496000807,0.00485981929577637,-0.00740247474129058,0.0140443011889315,0.000336085144084211,NC
282,"New Bern, NC",-0.022562384602302,0.0319421672767339,-0.0280286634910271,0.0446142330849848,0.0229052648723517,NC
283,"Raleigh, NC",-0.0105496727183425,0.0165554962690106,0.0180201388871937,0.0176855820974512,0.0231679451760222,NC
284,"Rocky Mount, NC",-0.0355858722142215,0.0177736829534793,-0.0404584985199328,0.0214090883656588,-0.0520244599409373,NC
285,"Wilmington, NC",-0.00488453937795798,0.0175100492145289,0.0123197584877764,0.0330050002801237,0.015227902485467,NC
286,"Winston-Salem, NC",-0.0170531969575023,0.0231834475132295,0.0035418241324436,0.028479481719851,0.0492260494434603,NC
287,"Bismarck, ND",-0.00303062362169904,0.0233005139791893,-0.0155821646452552,0.0846154533452922,-0.0231827208550543,ND
288,"Grand Island, NE",-0.011286436260425,0.0201394968215529,0.0264858462056821,0.00348843099080682,-0.0254533471789513,NE
289,"Lincoln, NE",-0.000549636733549206,0.00226619431133362,-0.0186450999120626,-0.00137595464926347,0.0180135198311756,NE
290,"Manchester, NH",-0.0402075197653381,0.187788151421008,0.288539692843318,0.114913112838778,0.0706796982705781,NH
291,"Allentown, PA--NJ",-0.113874437014881,0.24507040029129,0.327969183426327,0.19999862047926,-0.0685523274766269,NJ
292,"Atlantic City, NJ",-0.0435475808981339,0.0404859230173424,0.0364684611253026,0.0491202049320924,0.0422590007629381,NJ
293,"East Stroudsburg, PA--NJ",-0.000775651449341098,0.00153499737557959,4.53438851264615e-05,0.00198888996525869,0.00329731649352933,NJ
294,"Poughkeepsie--Newburgh, NY--NJ",-0.0866448243478018,0.158824668871407,0.164048279120628,0.246898897461341,-0.104197759724919,NJ
295,"Trenton, NJ",-0.0837857386743198,0.0818774345285566,0.154192691621641,0.0786871895500363,-0.128943153538671,NJ
296,"Twin Rivers--Hightstown, NJ",0.00204824516484642,-0.00188011432284281,0.0312827380923439,0.00948259206613009,-0.0185329406219145,NJ
297,"Villas, NJ",-0.000239936919656134,0.00120162168384448,-0.00442072246250794,0.00736034281746291,-0.00436230050103866,NJ
298,"Vineland, NJ",-0.000962657448443195,0.00116064618360586,0.00561571658249874,-0.00709069714919905,0.00467096908761245,NJ
299,"Albuquerque, NM",0.0479196913879136,-0.0326772752263067,-0.0442129899053106,-0.00231893464589081,0.0293302245901294,NM
300,"El Paso, TX--NM",0.0259313821776996,-0.00382900500107229,-0.00568792841215144,0.0627889786542235,0.00933829010976232,NM
301,"Farmington, NM",0.0293244159814055,-0.0295020092900636,-0.0261679346731653,0.0715868865685007,0.144197328353274,NM
302,"Las Cruces, NM",-0.0390476528492854,0.0204406665824532,0.0283156516656873,-0.0918939697642971,-0.150181070484843,NM
303,"Los Lunas, NM",-0.0229146791746622,0.0103705756092644,0.00273905083707053,0.122215225290506,0.260027283148684,NM
304,"Santa Fe, NM",-0.0312389438537361,0.0171803056839283,0.019557023151055,-0.00881021594643604,-0.0341818745485089,NM
305,"Carson City, NV",-0.0096821838855393,0.0185630356750436,0.0279649535530539,-0.062182165347833,-0.012769311964837,NV
306,"Las Vegas--Henderson, NV",-0.0155510530383516,0.0116699522058018,0.0171671416651404,0.028745470449733,-0.0171095385105886,NV
307,"Albany--Schenectady, NY",-0.0708354108325438,0.182893818414027,0.149822991502037,0.268196851029216,0.0502467550596862,NY
308,"Bridgeport--Stamford, CT--NY",-0.17066583545226,0.266438044550764,0.318629670161854,0.320570443326315,0.0153006554362751,NY
309,"Buffalo, NY",-0.0684114452081468,0.191871953850366,0.0455956928178604,0.281136802469601,0.144603421534974,NY
310,"Danbury, CT--NY",-0.0795859524121558,0.172755462477292,0.217202751917145,0.10480885186136,0.0569649233137891,NY
311,"Elmira, NY",-0.00454057883672631,0.0254313569756669,0.0342600902622628,0.0362574361278422,-0.0806369592539309,NY
312,"Glens Falls, NY",-0.00216526661948814,0.0304739667116766,0.0286641291052683,0.0473475155991606,0.00481429152243376,NY
313,"Ithaca, NY",-0.0229042867342977,0.0424908722604658,0.0390596233597081,-0.016961917246289,0.0609860209359617,NY
314,"Kingston, NY",-0.0415044590937482,0.0974972085554866,0.105781120505431,0.120003681615523,-0.00397353168412693,NY
315,"Middletown, NY",-0.0502222652906467,0.035483278878932,0.0546112484506688,0.0278453085202553,-0.0503340341369945,NY
316,"Rochester, NY",-0.107964697002087,0.221223798016977,0.287689489221813,0.280320461852387,-0.106573853554521,NY
317,"Saratoga Springs, NY",0.000435690921699889,-0.00494231283803566,-0.00533268429999895,-0.0120997501777608,-0.00536042137533104,NY
318,"Syracuse, NY",-0.0725656974240429,0.18331617026353,0.150815865653177,0.204456685342348,0.208385669617436,NY
319,"Utica, NY",-0.104132486748985,0.230259673477544,0.196197234457934,0.233244484920765,0.279534558392434,NY
320,"Watertown, NY",-0.00652591062016323,0.015687555004184,0.0170863038668685,0.0148436076499994,0.0114763271781312,NY
321,"Akron, OH",-0.0367490045148195,0.130688448320178,0.0740569240115666,0.150233991204932,0.141836348696182,OH
322,"Canton, OH",-0.0106738485437889,0.0554322708357011,0.0612050798171196,0.0675472762653196,0.00440508654992116,OH
323,"Cleveland, OH",-0.0783690213972844,0.153728636323612,0.0962343811812891,0.195057687004714,-0.0338691495136184,OH
324,"Columbus, OH",-0.0409458928486893,0.0783373215116457,0.00761145394806671,0.125406049379661,-0.0497282638053551,OH
325,"Dayton, OH",0.00845998861487408,-0.0228916611582112,0.0718473068726546,-0.0430382594231713,-0.0399744858820288,OH
326,"Huntington, WV--KY--OH",-0.0262992449007108,0.212957836209899,0.0509472364092471,0.297263990936765,0.139491697019369,OH
327,"Lima, OH",-0.0137458020360057,0.0358691624452368,0.0179642663802874,0.0428389150582736,-0.0108150284447533,OH
328,"Lorain--Elyria, OH",-0.0129305663457091,0.0287987284408779,0.0436795516050325,0.0161857023013203,0.0221472760606919,OH
329,"Mansfield, OH",-0.000474636238919954,0.00199478889706129,-0.00655068271852402,-0.00275062895115381,-0.0615370547889537,OH
330,"Middletown, OH",-0.000947778406263163,0.00504273724543124,0.0120177031068553,-0.00822094611865183,0.0366723015295847,OH
331,"Newark, OH",-0.000196788169687548,0.00229500854849449,0.0108580361423775,0.0102566551033638,-0.0395777289562586,OH
332,"Parkersburg, WV--OH",-0.00141438166347758,0.023088570641401,0.0256419881648374,0.0153543012725097,0.00432891600304193,OH
333,"Springfield, OH",0.00102069424292375,-0.00504440805811356,0.00461445597264399,-0.0108143570721522,0.00440028089167256,OH
334,"Wheeling, WV--OH",-0.000804919715097436,0.00955319129182844,-0.00881608201110689,0.0134284702680625,0.0243691257033371,OH
335,"Fort Smith, AR--OK",-0.0266343036315488,0.0469282383708561,0.0690845845269329,0.045856546191879,0.00980497326913753,OK
336,"Lawton, OK",-0.00352889949504106,0.00394832749742756,0.00467714869800496,-0.0131360382316164,0.0126586715364546,OK
337,"Norman, OK",9.69455142475971e-05,-0.000252634868201181,0.00221882672786203,0.00988876951507097,0.00152230174520393,OK
338,"Oklahoma City, OK",-0.0214085330039157,0.0299167963961136,0.0526793007845444,0.0266921467449982,0.0198034457247978,OK
339,"Tulsa, OK",-0.0173905627589901,0.0286960285223181,0.0715664454076756,0.036903829474498,-0.0149497915712063,OK
340,"Albany, OR",-0.00737007087449166,0.0295445979434233,0.0382650107009603,-0.0385593057897365,0.0212050365040533,OR
341,"Bend, OR",-0.00937412630667407,0.0576127127509568,0.0651897353078432,0.101895027389126,0.0433396039125361,OR
342,"Corvallis, OR",-0.0033743594718933,0.0116988376444837,0.0106939749572663,-0.0629870046692231,0.0230903015003904,OR
343,"Eugene, OR",-0.00080788439872321,0.00320586717565786,-0.0398215212300429,0.0358902838162446,0.0857264715211799,OR
344,"Grants Pass, OR",-0.00891263430792073,0.0612718433077596,0.0595422303968701,0.105116829936346,0.0310576482854567,OR
345,"Longview, WA--OR",0.00180411434167914,-0.00772736468069377,-0.0125533637535894,-0.018201191745264,0.00096861515328552,OR
346,"Medford, OR",-0.00760737290234911,0.0261855931204542,0.0278899023240125,0.0507148222358533,0.0231581358948689,OR
347,"Salem, OR",-0.0153431953521576,0.0298523391597654,0.0359710127118145,0.0460951128689396,-0.0148820916703639,OR
348,"Walla Walla, WA--OR",-0.00256916464311105,0.00605409487603226,0.00399657838168354,0.0258242090203739,0.0117621076747799,OR
349,"Altoona, PA",-0.00129083030202473,0.0176281587543983,0.0200701679351651,0.0481756020399084,-0.117526536554342,PA
350,"Binghamton, NY--PA",-0.0275862932260424,0.101892269699834,0.121308985790987,0.142019025301702,0.0436833585705955,PA
351,"Bloomsburg--Berwick, PA",-0.00315830520041495,0.0294726904546967,0.0157779991346493,0.042882243333682,0.0337440105374678,PA
352,"Chambersburg, PA",-0.000772978218807647,0.0040494022586315,0.00735959831282243,0.00112115177208891,0.00443246754306845,PA
353,"Cumberland, MD--WV--PA",-0.00115282185665927,0.00569675624017259,0.00506640512316495,0.00660962150865585,-0.00258625748753282,PA
354,"Erie, PA",-0.0288309256168696,0.105557696140457,0.0902978490858016,0.12794748300388,0.0719679093814598,PA
355,"Hagerstown, MD--WV--PA",-0.014890192498293,0.0524684860747095,0.0230399505560284,0.065455872099742,0.039323190885881,PA
356,"Hanover, PA",-0.00338451752736521,0.0317614092791235,0.0536653817280855,-0.00984934144510143,0.053765625963426,PA
357,"Harrisburg, PA",-0.0593991297248692,0.143688339333924,0.146181912887494,0.192544357393204,0.0411532808077205,PA
358,"Hazleton, PA",-0.0648772873440436,0.0728022249245542,0.074756015204558,0.0698211356867573,-0.0802393808212277,PA
359,"Johnstown, PA",-0.00517054625535119,0.0399019142749568,0.0208961579640011,0.0532309490650501,0.0480226267713851,PA
360,"Lancaster, PA",-0.10060716841098,0.305961946279307,0.35521751000863,0.347848439921584,0.0849065294360915,PA
361,"Lebanon, PA",-0.0370883752378052,0.0819425226986232,0.096573330041589,0.0205821680265475,-0.0465168481748187,PA
362,"Monessen--California, PA",-0.000163074435528705,0.00160010454498813,-0.0240436093155213,0.031944293402845,-0.0288546964152967,PA
363,"Pittsburgh, PA",-0.0664282102177839,0.28173938786321,0.14074304497048,0.344984319788059,0.262947597386745,PA
364,"Pottstown, PA",-0.0113678033278451,0.0538878408510687,0.044702099862829,0.0722089817045818,-0.0381059108385509,PA
365,"Reading, PA",-0.159438488492941,0.191082273704676,0.222650796951416,0.119476590397966,-0.122114189347459,PA
366,"Scranton, PA",-0.0301025430428995,0.162678143443928,0.15530333925447,0.208232122383039,0.136379089123849,PA
367,"State College, PA",-0.00134096840043361,0.00476159289089053,0.0109267719470623,-0.00341662615246449,0.00950047290496865,PA
368,"Uniontown--Connellsville, PA",-0.00322545244439703,0.0289119025273076,0.00195762402435169,0.0368063858618338,-0.0122171651380148,PA
369,"Weirton--Steubenville, WV--OH--PA",-0.012035086490378,0.0752386868493487,0.0712891126526215,0.0897193081261087,0.0242830976725305,PA
370,"Williamsport, PA",-0.00837015569825434,0.0390173127022532,0.0394516394972157,0.038718593633266,0.0429368308326771,PA
371,"York, PA",-0.0588019460435445,0.168800094422641,0.203567531532296,0.174355901027163,0.0407331569059124,PA
372,"Youngstown, OH--PA",-0.0160182742586283,0.0494759843051291,0.0743910746897177,0.0524383218187296,-0.0530645407999768,PA
373,"Boston, MA--NH--RI",-0.126532907024836,0.278518817606589,0.278365526226259,0.41388354201577,0.186981318141596,RI
374,"Norwich--New London, CT--RI",-0.00592819853233442,0.0176574352719011,0.0235285622322083,0.0235592533722886,0.00402758176058491,RI
375,"Anderson, SC",0.00421392111595082,-0.0109725735128753,0.0101845956127291,-0.0183341516952337,0.0167194096915557,SC
376,"Augusta-Richmond County, GA--SC",-0.0338636662224327,0.0330155029730915,-0.0394823017513651,0.0464501817053262,0.00572528415027623,SC
377,"Charleston--North Charleston, SC",-0.011163188881158,0.0181781963998992,-0.0569118050589565,0.0477590232937414,-0.0522594656837308,SC
378,"Charlotte, NC--SC",-0.00828720575449726,0.00938163068468301,0.0408151654697366,-0.006895542619463,0.023882744390244,SC
379,"Columbia, SC",-0.0113852365440034,0.0132834615262463,0.0221600663318168,0.0163066825320225,-0.000721148752415564,SC
380,"Florence, SC",0.00738325861361759,-0.0100657860062318,0.00120772002052612,-0.0125416072021856,0.00625268621390989,SC
381,"Gastonia, NC--SC",-0.0175230830825742,0.038168592242498,0.0247673826964072,0.0434980114629256,0.0840605797667715,SC
382,"Greenville, SC",-0.0135551450452528,0.0299046898863142,0.0103963204289401,0.0427945403821618,0.0404729915231882,SC
383,"Hilton Head Island, SC",0.00266080262804859,-0.00736906898463543,-0.0195724465039366,-0.00423640473564885,0.0373068869992456,SC
384,"Mauldin--Simpsonville, SC",-0.00073324537667485,0.00197331604704275,0.00813306948181184,-0.0116228271192359,0.0355592932220447,SC
385,"Rock Hill, SC",-0.0160474968062881,0.0246393211386033,0.0208809023461875,0.0281970871696005,-0.00115004670031083,SC
386,"Spartanburg, SC",-0.0360413497233328,0.0520910734769938,0.0122152771649381,0.0746874094012602,-0.0252617540766377,SC
387,"Sumter, SC",-0.00503922460797163,0.00460420093698691,-0.000109716729434901,0.00566981728995075,-0.00696087110686408,SC
388,"Rapid City, SD",0.00415674934646559,-0.0140384582432381,-0.00530056434746317,-0.0360732866731164,-0.0291976842851041,SD
389,"Sioux City, IA--NE--SD",-0.000431997563603586,0.0011004254211697,-0.0022175154915484,0.00937472264901078,0.0100880209001616,SD
390,"Sioux Falls, SD",-0.00582292771276181,0.025620020820353,-0.00873256210039327,0.0591994343652531,0.045721405303096,SD
391,"Cleveland, TN",-0.00891033654461945,0.0382367829315631,0.0608174650157305,0.0249652164708548,0.0272160595258194,TN
392,"Jackson, TN",-0.0111397971762415,0.00894846770740708,-0.0130306426627877,0.0106935740317685,0.039654318772887,TN
393,"Johnson City, TN",-0.0161604882119371,0.11661314336805,0.0491956407935525,0.185096495926395,0.0415464990809167,TN
394,"Knoxville, TN",-0.0194327106524965,0.0879139184201047,0.0355587782375572,0.128030713718494,0.0584216081381718,TN
395,"Morristown, TN",-0.00634039078386699,0.0269251076028826,0.0319125789640029,0.0190250443159692,-0.00927987876399454,TN
396,"Murfreesboro, TN",0.00571688018822133,-0.0135500617295753,-0.0291083296248102,-0.00384089554384293,-0.0165098242200524,TN
397,"Nashville-Davidson, TN",-0.0336942543132019,0.0562332849847679,0.0352083200867851,0.0727094690722325,0.0352363107611406,TN
398,"Abilene, TX",-0.0399720965843835,0.0574567553682353,0.0942986353664131,-0.00866148129204198,-0.10929539827982,TX
399,"Amarillo, TX",-0.00404966308997007,0.00604317483823245,0.00497671960756567,0.0131905673050885,-0.0181295878514573,TX
400,"Austin, TX",0.0099381359753541,-0.0105796030590925,-0.0144592755764902,-0.0247655209203142,0.0192085972838123,TX
401,"Beaumont, TX",-0.0572883696622854,0.0388990930023635,0.0481394647582732,0.0405165895703316,0.0220190877161771,TX
402,"Brownsville, TX",-0.0684878096445572,0.00363786251444697,0.00382135402580904,0.00535487775548279,-0.0185845487658975,TX
403,"College Station--Bryan, TX",-0.0024839836842585,0.00337845430940556,0.00192590522448565,-0.00308274954857104,0.0165064458099778,TX
404,"Conroe--The Woodlands, TX",0.0321848795193448,-0.061988431022855,-0.100361573406251,-0.0665877997853183,0.0923898604602279,TX
405,"Corpus Christi, TX",-0.188631348498941,0.0659775319181421,0.0833026139878684,0.0190153308364365,-0.289799180389112,TX
406,"Dallas--Fort Worth--Arlington, TX",0.0228767822313349,-0.0163774367615699,0.00205607075380938,-0.0982773296010713,0.0949512203001694,TX
407,"Denton--Lewisville, TX",-0.00565751579926481,0.00885591580365558,-0.00775670796712536,-0.00574059949283273,0.065439797397723,TX
408,"Harlingen, TX",-0.0180892291269763,0.00256459881734734,0.00156370330520609,0.0422713944282342,-0.0104629319007719,TX
409,"Houston, TX",-0.00163530299310988,0.000757441576122423,-0.0136434678323003,-0.0111531346225727,0.0965016259809309,TX
410,"Killeen, TX",-0.0206638343507061,0.0121487817097619,0.0155706104677237,0.0142153673255974,-0.00275233239210047,TX
411,"Lake Jackson--Angleton, TX",0.0242933759061246,-0.0292162066511074,-0.0419151304811875,-0.00461960439723636,0.0684680451217363,TX
412,"Laredo, TX",-0.192466932995513,0.00654355197265557,0.00873626273309373,-0.198621814383721,-0.271086331892073,TX
413,"Longview, TX",0.0165772324197101,-0.0278758906366193,-0.0243144142084562,-0.0472699309649133,0.0778349058067579,TX
414,"Lubbock, TX",-0.00678667638366725,0.00834321584753864,0.0240162328773107,-0.0526226732858686,-0.0206427863093659,TX
415,"McAllen, TX",0.0876746994968046,-0.00729907859005213,-0.0089909210267154,0.0494762229918702,0.106772773697086,TX
416,"McKinney, TX",0.0149746971925366,-0.0276827767763353,-0.0746071120196828,-0.0196352322817543,0.0612765297879267,TX
417,"Midland, TX",0.0376663241781336,-0.0444203381759898,-0.0633484778541032,-0.0190859440169171,0.103964390794897,TX
418,"Odessa, TX",0.0560210841024642,-0.0343926371508104,-0.0310125823647185,-0.112523397112771,0.0228969717783201,TX
419,"Port Arthur, TX",-0.00564887060080814,0.00634498821923457,0.0395644355206207,-0.0488892487887952,0.0613946618431281,TX
420,"San Angelo, TX",-0.00191362410100406,0.00199197036309674,0.00455999695939946,-0.00405013290063592,-0.0754337989717924,TX
421,"San Antonio, TX",-0.135345438729655,0.0551019298347151,0.0951689942783738,-0.152433520833405,-0.101627000966093,TX
422,"San Marcos, TX",0.00180847363517623,-0.001672022609813,-0.00316124224141374,0.0055963410057693,0.0192631904012551,TX
423,"Sherman, TX",0.000861592427519715,-0.00202399279013964,-0.00716751152917912,0.00124337834035374,0.0329604076249703,TX
424,"Temple, TX",0.00396684900401681,-0.00544788084940764,-0.0216223694371624,0.0164035785973659,-0.0117411318158645,TX
425,"Texas City, TX",0.023471053636542,-0.0219656660833978,0.021496385048042,-0.0913216374387621,0.174999670845462,TX
426,"Tyler, TX",-0.0288116663166065,0.0264038724223434,0.0241845867087745,0.0376017699603719,-0.0841754460105777,TX
427,"Victoria, TX",-0.017101961704841,0.00816575416968955,0.0127359560249605,-0.0106635564544089,-0.00729619283865281,TX
428,"Waco, TX",-0.057411062821209,0.0487216387007144,0.0789657420431871,0.0221529938500126,-0.196507553990521,TX
429,"Wichita Falls, TX",-0.00387625550901557,0.00719957318091903,0.0244360389453519,-0.020078101260106,-0.0165097381892814,TX
430,"Logan, UT",-0.00102125103475317,0.00429875260554983,-0.0139381966226748,0.171822599851118,0.0619630696130258,UT
431,"Ogden--Layton, UT",-0.019601444104192,0.0754567399940868,0.095111530349547,0.0440753817298458,0.0344188694537237,UT
432,"Provo--Orem, UT",-0.0205999160129472,0.0947620301762544,0.0957980741014184,0.124914048824694,0.137474607907198,UT
433,"Salt Lake City--West Valley City, UT",-0.0136749425236929,0.0347537781259991,0.0295091825000074,0.0931138308762375,0.0578495338199897,UT
434,"St. George, UT",-0.00276735471362844,0.0117815254492767,0.0143720521398693,-0.00754798214869963,-0.0165391933860923,UT
435,"Blacksburg, VA",-0.0152185078687465,0.0585732389085877,0.0534026735758608,-0.0672416308909957,0.167580552957128,VA
436,"Bristol--Bristol, TN--VA",-0.00436378467974093,0.0449655610833211,0.0307525727854724,0.0687545554059662,-0.0661771878375756,VA
437,"Charlottesville, VA",-0.00120341672902999,0.00229759155279445,-0.0344688272245788,0.0347671608185776,-0.046456386166176,VA
438,"Fredericksburg, VA",0.00297242416713454,-0.00594762281467346,0.00149554587712172,-0.00921377668974753,-0.000455094748614501,VA
439,"Harrisonburg, VA",-0.000337017729927616,0.000973797885792804,0.00142973599890504,-3.66600699851693e-07,0.000806802609303756,VA
440,"Kingsport, TN--VA",-0.00397527914247544,0.0436327699414851,0.0534367008442304,0.0519673364465036,-0.0688298005111944,VA
441,"Lynchburg, VA",-0.026270274644736,0.0539585742731087,0.016651390621456,0.0760923145532682,-0.0234066613859071,VA
442,"Richmond, VA",-0.0283362410759943,0.0318441974379582,-0.0588141339341305,0.0591999472277688,-0.0161595173320618,VA
443,"Roanoke, VA",-0.0285854683102073,0.0686018433629699,0.0366306229315104,0.0825448915205707,0.0675778567241747,VA
444,"Staunton--Waynesboro, VA",-0.000568203560925168,0.0027897935787278,0.00367411062877872,0.00180608248825261,0.00575187128683875,VA
445,"Virginia Beach, VA",-0.00978809401151439,0.0102094303376426,0.0262215597339454,0.00114266057927989,0.0580777414621388,VA
446,"Williamsburg, VA",0.00426879237598114,-0.0124090832181406,-0.0133454455242506,-0.0212596654009037,0.00625884976866099,VA
447,"Winchester, VA",-0.000382830336738189,0.0010919656912722,0.00162810155768027,-0.00234594005357616,0.0195789340410498,VA
448,"Burlington, VT",-0.00206110672969864,0.0126279813440231,0.0272767821415754,0.0104433281212289,0.0118395147000966,VT
449,"Bellingham, WA",-0.00133333635308155,0.00506327739537676,-0.000182577302148522,0.0157927713961969,0.0260114382118976,WA
450,"Bremerton, WA",-0.00366542934529116,0.0111527115438853,-0.0162615399410781,0.0523956125835261,0.0158116443471114,WA
451,"Kennewick--Pasco, WA",-0.00666005332726751,0.0101030871146087,0.0127229731267959,0.0352534953047356,-0.0380050163205546,WA
452,"Lewiston, ID--WA",6.96018452060081e-05,-0.000769138525605077,-0.000782996353714628,0.0222727707303931,-0.0220677371203479,WA
453,"Marysville, WA",-0.00528291936152489,0.0213415527709696,0.018245828313412,-0.00288541847532561,0.0726869843099583,WA
454,"Mount Vernon, WA",-0.0137314475821256,0.0264944389833024,0.031910074510497,0.0209566705655065,0.0368214975613247,WA
455,"Olympia--Lacey, WA",-0.0047364344820345,0.0130646156419533,0.0196190299288739,-0.0054827470975479,0.0204714536868815,WA
456,"Portland, OR--WA",0.000875760681166452,-0.00229030208746888,-0.0478531983569078,0.0916005953670367,0.031603597617627,WA
457,"Seattle, WA",0.0286081132163197,-0.0467745015246956,-0.119190032157489,-0.14475458153953,0.0707680817299098,WA
458,"Spokane, WA",-0.0105333365870756,0.0541929549739289,0.0334512553285553,0.116006368189805,0.00895132315396843,WA
459,"Wenatchee, WA",0.000596337389486698,-0.0011162911498147,-0.00271626485544128,0.0376505112690527,-0.00451238904145233,WA
460,"Yakima, WA",-0.00252087713839636,0.00239539702978541,0.00143133143439442,0.0155154174449588,0.0375823712616374,WA
461,"Appleton, WI",-0.0100567641980753,0.0653616658405215,0.0467953563378484,0.101071057968944,0.0878455294189103,WI
462,"Duluth, MN--WI",-0.0108396586598038,0.0752348770438057,0.0400133199947781,0.110580299219297,0.123750603961614,WI
463,"Eau Claire, WI",-0.00334359039726874,0.0283413398512982,0.0368346667027439,0.0218660322152911,0.00784183352263474,WI
464,"Fond du Lac, WI",0.00292613297225436,-0.0203216691045812,-0.0155193476614558,-0.0346247229178367,-0.0720778578048957,WI
465,"Green Bay, WI",-0.016865253880577,0.0562142388548951,0.0863973318635915,0.0464732601611136,0.0240073239532811,WI
466,"Janesville, WI",-0.00174864882118087,0.0123032570298081,-0.00307865650448786,0.0265510479970906,0.0149348374939154,WI
467,"Madison, WI",0.00402784486654078,-0.0127042407175232,-0.0157294566340127,-0.0460439676363519,0.0101446090132411,WI
468,"Milwaukee, WI",-0.151824432457322,0.234834404774467,0.355244608419422,0.234775888843873,-0.0447392925572094,WI
469,"Minneapolis--St. Paul, MN--WI",-0.0474199353748799,0.118017058290303,0.130381837617967,0.165030188185401,0.0685720872642027,WI
470,"Oshkosh, WI",0.00392400915619009,-0.0389701340869329,-0.0501683197177404,-0.0304607458565936,-0.0423111475189291,WI
471,"Racine, WI",-0.0209166235474597,0.0313607585712416,0.0441798803698033,0.0285159697866794,-0.060262388138443,WI
472,"Round Lake Beach--McHenry--Grayslake, IL--WI",-0.0322969666640955,0.085637914262717,0.0888162014845529,0.0857157073050536,0.0968915196219767,WI
473,"Sheboygan, WI",-0.0152053533622689,0.0505009008647453,0.045226208892602,0.0679200913154724,0.0560772663684529,WI
474,"Wausau, WI",-0.0136729157968039,0.061615884728358,0.0522967147185154,0.077313247018717,0.0620878426347518,WI
475,"West Bend, WI",-0.0020271910638404,0.0296065734195618,0.0138901152569543,0.0441255011921766,0.07115675514953,WI
476,"Beckley, WV",-0.00600370492720102,0.0284340290782928,-0.0147480296282916,0.0368850348188328,0.0447613476627282,WV
477,"Charleston, WV",-0.0216254641540919,0.120206389102982,0.0898008219984102,0.140839064855352,0.0839945027931048,WV
478,"Morgantown, WV",-0.00575849146229015,0.0342400015381257,0.0354088868282147,-0.00319030021334437,0.0728865202161644,WV
479,"Casper, WY",-0.00113666941368973,0.00735375815405944,0.0104897506789508,0.00650086288487437,-0.00143068265319829,WY
480,"Cheyenne, WY",-0.00452186007437166,0.013329585947643,0.018395610706498,-0.00301933242385163,-0.0197900369465111,WY
