,FIP,Total Units,Average Household Income,Annual Energy Expenditures,Energy Burden,Annual Electricity Expenditures,Annual Gas Expenditures,Annual Fuel Oil Expenditures
0,45001950100,1228,48992,2339,0.047742488569562376,2024.8,301.7,12.6
1,45001950200,1276,55434,3017,0.05442508207959015,2316.3,680.5,20.1
2,45001950300,1356,55979,3360,0.06002250844066525,2764.0,578.8,17.6
3,45001950400,2398,57119,2613,0.04574659920516816,2157.8,441.7,13.7
4,45001950500,2025,41810,2746,0.06567806744797895,2264.7,464.4,16.6
5,45001950600,1172,36517,2326,0.06369636059917298,1838.6,470.4,16.6
6,45003020100,1963,49719,2471,0.049699310122890646,2057.8,396.4,16.8
7,45003020200,2140,68087,2344,0.03442654251178639,1983.3,349.6,10.7
8,45003020301,962,61482,2056,0.03344068182557496,1925.8,121.0,9.1
9,45003020302,2565,49036,1908,0.03891018843298801,1673.1,227.9,7.2
10,45003020400,3104,67495,1982,0.0293651381583821,1674.1,301.4,6.2
11,45003020500,3216,97024,2086,0.021499835092348284,1695.6,385.4,5.4
12,45003020601,1416,104792,2358,0.022501717688373158,1847.3,502.6,8.2
13,45003020602,2218,46013,2246,0.04881229217829744,1863.0,368.6,14.5
14,45003020701,2253,63878,2024,0.03168540029431103,1607.2,408.9,7.5
15,45003020702,2063,48057,1835,0.03818382337640718,1507.0,322.3,5.2
16,45003020801,1150,96857,2264,0.023374665744344755,1793.9,461.8,7.9
17,45003020802,2497,58547,1654,0.028250807043913438,1371.3,278.0,4.5
18,45003020901,1036,53048,2147,0.04047277936962751,1828.3,307.8,11.0
19,45003020902,2142,66403,2526,0.03804044997966959,2133.6,381.4,11.3
20,45003021001,1751,55062,2245,0.04077222040608768,1896.8,339.1,9.1
21,45003021002,1910,42313,2109,0.049842837898518184,1839.8,260.9,8.3
22,45003021101,1248,31846,1983,0.0622684167556365,1666.3,305.6,11.4
23,45003021102,1436,56202,2300,0.04092381054055016,1936.3,354.3,9.5
24,45003021201,2301,89758,2091,0.02329597361795049,1807.4,276.9,6.3
25,45003021202,1804,84728,1888,0.022283070531583418,1466.2,415.2,7.1
26,45003021203,4005,84310,1970,0.02336614873680465,1535.9,429.3,5.1
27,45003021300,1818,68285,2051,0.030035879036391593,1686.2,356.7,7.7
28,45003021400,2253,38873,1919,0.04936588377537108,1685.5,225.3,8.6
29,45003021500,2537,73292,1876,0.02559624515636086,1515.9,353.4,6.7
30,45003021601,2227,44499,1998,0.04489988539068294,1726.7,260.3,11.4
31,45003021602,3449,69544,2025,0.02911825606810077,1659.3,358.9,6.3
32,45003021700,1914,46084,2349,0.05097213783525736,1943.2,389.4,16.6
33,45003021800,867,47313,2915,0.061610973728150824,2322.4,567.5,25.2
34,45003021900,2195,60306,2589,0.04293105163665307,2231.2,346.9,11.4
35,45003022001,1924,75201,2158,0.028696426909216633,1777.2,370.2,10.6
36,45003022002,2936,74876,2178,0.029088092312623538,1825.6,341.7,10.4
37,45003022100,1410,56846,2302,0.04049537346515146,1844.2,447.2,10.3
38,45005970200,1863,34200,2569,0.07511695906432748,2216.5,342.0,10.4
39,45005970300,449,42092,3474,0.08253349805188634,2588.6,861.5,24.0
40,45005970400,1038,43330,3058,0.07057465958919917,2629.2,418.6,9.9
41,45007000200,1483,64490,1451,0.022499612342998916,1038.4,396.4,15.8
42,45007000300,2010,55760,1205,0.021610473457675753,1019.2,180.7,5.4
43,45007000500,1192,46275,1510,0.032631010264721774,1129.8,362.4,17.4
44,45007000600,1424,27976,1380,0.0493279954246497,1171.4,192.6,16.4
45,45007000700,1967,26774,1466,0.054754612683947115,1198.6,252.9,14.9
46,45007000800,1199,34154,1261,0.03692100486033847,1026.9,218.8,15.5
47,45007000900,1432,45153,1431,0.03169224636236795,1105.5,310.6,14.6
48,45007001000,1305,61495,943,0.015334580047158305,801.5,134.1,7.5
49,45007001100,2290,71680,1300,0.018136160714285716,1049.7,239.3,11.4
50,45007010102,2810,80800,1373,0.016992574257425744,1081.9,278.5,12.7
51,45007010103,2923,88575,2067,0.023336155800169348,1764.7,297.0,5.8
52,45007010104,2968,90696,2310,0.025469700979094997,1955.3,345.3,9.3
53,45007010200,1980,80012,1531,0.01913462980552917,1287.7,232.8,10.4
54,45007010300,1588,46939,1467,0.031253328788427535,1170.9,280.4,15.8
55,45007010401,2589,54399,2091,0.03843820658467986,1819.9,255.4,15.5
56,45007010402,2626,52819,1965,0.037202521819799696,1743.7,206.4,15.0
57,45007010500,2419,82897,2813,0.03393367673136543,2606.7,192.7,13.4
58,45007010600,2843,79048,2316,0.029298653982390448,2078.6,221.2,16.6
59,45007010700,2512,51161,2089,0.04083188366138269,1839.7,233.8,15.7
60,45007010800,2056,74824,2214,0.02958943654442425,2029.9,171.2,13.2
61,45007010900,1677,67512,4334,0.0641959947861121,4056.9,254.9,22.3
62,45007011001,2045,73973,2258,0.030524650886134132,1980.4,259.2,18.2
63,45007011002,1684,68965,1465,0.0212426593199449,1171.8,285.1,8.1
64,45007011100,1182,59085,1133,0.019175763730219175,976.8,148.9,6.9
65,45007011201,1699,113261,2143,0.01892089951527887,1813.0,324.8,5.4
66,45007011202,3282,98219,1416,0.014416762540852585,1157.4,250.5,8.4
67,45007011300,2455,63193,2240,0.03544696406247527,2048.9,167.0,23.8
68,45007011401,1806,50298,1491,0.029643325778360968,1116.1,358.7,15.7
69,45007011402,1541,39784,1962,0.04931630806354313,1632.1,311.7,18.5
70,45007011500,2366,51411,2171,0.04222831689716208,1822.9,334.7,13.3
71,45007011600,749,59122,2404,0.040661682622374073,2070.1,313.6,20.0
72,45007011700,2134,55452,2382,0.04295607011469379,2117.1,242.6,22.3
73,45007011800,1476,49493,2195,0.04434970601903299,1963.2,210.2,21.7
74,45007011901,2385,35931,1403,0.039047062425203866,1198.5,191.7,12.6
75,45007011902,1145,44582,1483,0.03326454622941995,1235.6,233.7,13.5
76,45007012001,2284,54238,1247,0.02299126073970279,1010.2,228.5,8.4
77,45007012002,1860,61052,2058,0.033708969403131755,1790.5,255.7,11.8
78,45007012200,1977,58462,2535,0.04336149977763334,2320.3,200.6,14.4
79,45007012300,1269,39435,1441,0.036541143654114365,1184.7,248.7,7.8
80,45009960100,1915,37700,3260,0.08647214854111406,2838.4,412.2,9.1
81,45009960200,2552,54506,2880,0.05283821964554361,2314.8,553.9,11.0
82,45009960300,453,63958,3872,0.060539729197285716,2989.3,869.2,13.5
83,45009960400,502,51000,3465,0.06794117647058824,2930.6,517.2,17.6
84,45011970100,2200,52169,2629,0.050393912093388796,2180.2,436.8,12.3
85,45011970200,1298,35516,2792,0.07861245635769794,2408.7,372.2,11.0
86,45011970300,1563,40734,2399,0.05889428978249128,2026.4,356.0,16.8
87,45011970400,1870,63459,3136,0.04941773428512898,2558.3,567.1,10.6
88,45011970500,1395,54189,2847,0.052538338039085426,2373.3,457.2,16.4
89,45013000100,1741,52415,2193,0.04183916817704855,2023.9,156.8,12.6
90,45013000200,1870,55770,2066,0.037045006275775505,1863.2,197.9,5.0
91,45013000300,1474,50647,1638,0.032341500977353055,1568.2,65.7,3.7
92,45013000400,2,12430,2213,0.17803700724054705,2212.7,0.0,0.0
93,45013000501,2540,69373,2014,0.029031467573839967,1636.4,371.9,6.0
94,45013000502,2422,62932,1698,0.026981503845420453,1612.0,82.1,4.0
95,45013000503,2289,82871,1921,0.02318060600209965,1800.1,116.6,4.4
96,45013000600,1002,66954,1873,0.027974430205812945,1612.8,257.3,2.8
97,45013000700,2265,73532,1910,0.02597508567698417,1738.7,167.3,4.4
98,45013000800,2689,54217,1432,0.02641237988084918,1298.7,131.3,2.4
99,45013000901,1084,101075,2258,0.02233984664852832,2134.7,118.5,4.9
100,45013000902,3206,80876,2011,0.024865225777733816,1849.7,156.4,5.0
101,45013000903,799,95091,2197,0.02310418441282561,1885.7,306.0,5.4
102,45013001000,349,66469,1642,0.024703245121786097,1593.5,47.4,1.3
103,45013001101,1695,77760,2353,0.03025977366255144,2165.8,181.4,6.3
104,45013001102,1923,55603,2462,0.04427818642878981,2221.1,232.1,8.4
105,45013001200,589,115491,5338,0.0462200517789265,5134.3,198.1,5.9
106,45013002101,201,179369,5614,0.03129860789768578,5311.5,295.0,7.1
107,45013002102,1142,102000,2018,0.019784313725490197,1731.7,280.9,5.7
108,45013002103,1894,115741,2053,0.0177378802671482,1841.9,204.9,6.6
109,45013002104,6337,75438,1667,0.02209761658580556,1291.7,355.7,19.8
110,45013002105,1384,97915,1844,0.018832660981463516,1659.1,179.8,5.0
111,45013002106,3713,97765,1853,0.01895361325627781,1702.1,143.1,7.4
112,45013002107,3552,71185,1698,0.023853339889021562,1591.3,100.1,7.1
113,45013002108,1841,80351,1800,0.022401712486465632,1699.1,97.5,3.3
114,45013002201,3346,110155,2219,0.020144342063456038,2016.0,197.6,5.2
115,45013002202,1439,111044,2303,0.020739526674111164,2077.6,213.6,11.9
116,45013010100,962,132855,5007,0.037687704640397425,4828.3,174.2,4.5
117,45013010200,1738,117015,3142,0.02685125838567705,3017.0,121.1,3.7
118,45013010300,2089,118683,2738,0.02306985836219172,2643.9,90.5,4.1
119,45013010400,2326,117755,2440,0.020720988493057618,2301.4,132.6,5.8
120,45013010500,1657,77488,2206,0.02846892422052447,2062.9,133.1,9.8
121,45013010600,2098,126324,2424,0.01918875273107248,2285.0,133.3,5.6
122,45013010700,2272,116676,2461,0.0210925983064212,2344.1,110.3,6.3
123,45013010800,1215,42427,1833,0.043203620336106724,1788.0,43.3,1.9
124,45013010900,884,120166,3039,0.025290015478587953,2876.4,157.9,4.6
125,45013011000,748,73681,4772,0.06476567907601688,4685.0,82.3,4.7
126,45013011100,954,107588,4496,0.041789047105625164,4379.3,112.9,4.1
127,45013011200,354,98590,4390,0.044527842580383406,4305.2,82.0,2.6
128,45013011300,522,102639,3374,0.03287249486062803,3327.4,45.0,1.6
129,45015020101,1158,51304,2495,0.0486316856385467,2356.9,131.9,6.5
130,45015020102,1274,50529,2374,0.04698292069900453,2150.8,216.4,6.5
131,45015020201,1427,41013,2666,0.06500377928949358,2444.6,209.8,11.8
132,45015020202,1175,45722,3497,0.07648396833034425,3011.3,466.5,18.8
133,45015020301,1246,64048,2277,0.03555146140394704,2140.3,132.1,4.8
134,45015020302,2292,68935,3049,0.0442300718067745,2863.7,174.3,11.1
135,45015020401,1566,51607,2439,0.04726103048036119,2112.7,318.1,8.5
136,45015020403,3200,149575,2114,0.014133377904061507,1850.4,259.8,3.6
137,45015020404,1816,126194,2196,0.017401778214495144,1925.2,265.2,5.8
138,45015020405,1338,64736,2449,0.03783057340583292,2041.2,403.6,4.5
139,45015020503,2144,75399,2582,0.0342444860011406,2408.4,162.1,11.4
140,45015020504,1517,57703,2449,0.042441467514687276,2298.8,139.6,10.2
141,45015020505,1299,76607,2496,0.032581878940566786,2331.3,159.6,5.1
142,45015020506,2147,60767,2179,0.035858278341863184,2099.3,74.7,4.5
143,45015020600,3194,93380,2032,0.02176054829727993,1753.4,272.3,6.4
144,45015020707,2287,73823,2165,0.029326903539547297,2070.1,90.5,4.1
145,45015020710,2412,72694,1847,0.025407874102401848,1668.9,173.3,5.2
146,45015020711,2604,95416,2355,0.024681395153852603,1951.5,400.0,3.0
147,45015020712,1422,59208,2408,0.04067017970544521,2302.3,99.4,6.2
148,45015020713,1284,79870,2143,0.02683110053837486,2006.3,130.9,5.4
149,45015020714,2197,80959,1762,0.02176410281747551,1640.4,116.9,5.0
150,45015020715,1623,64554,1922,0.029773522942033028,1789.5,121.1,11.7
151,45015020716,2789,84871,2022,0.02382439231303979,1866.4,148.5,7.6
152,45015020717,1868,57843,1939,0.03352177445844787,1854.6,76.3,8.1
153,45015020718,1827,63410,1928,0.030405298848762023,1810.4,112.3,5.6
154,45015020719,3014,65113,1994,0.030623684978422126,1915.6,75.3,2.7
155,45015020720,943,103644,2434,0.023484234495002122,2332.6,93.8,7.3
156,45015020721,1120,109952,1953,0.017762296274738066,1721.3,228.1,3.9
157,45015020722,1184,97298,2287,0.02350510801866431,2280.8,0.0,6.6
158,45015020723,1252,56893,2129,0.03742112386409576,1985.0,142.3,2.1
159,45015020724,450,69375,1649,0.02376936936936937,1632.4,16.5,0.2
160,45015020725,458,50131,1702,0.03395104825357563,1652.8,48.5,0.5
161,45015020804,1021,52447,1868,0.035616908498102846,1663.0,200.5,4.2
162,45015020806,1302,55117,2544,0.04615635829235989,2430.6,111.1,1.9
163,45015020807,2768,81648,2283,0.027961493239271017,2125.5,153.9,3.6
164,45015020808,1296,66112,2414,0.03651379477250726,2327.4,84.5,1.9
165,45015020809,1283,57609,1854,0.03218247148882987,1649.5,196.0,8.0
166,45015020810,1492,70068,1732,0.024718844551007594,1579.0,145.9,6.7
167,45015020811,2202,53293,1534,0.028784268102752707,1481.8,50.3,1.7
168,45015020812,2367,101230,1814,0.017919589054628076,1517.6,291.7,4.5
169,45015020901,678,42866,1816,0.042364577987215976,1626.4,188.5,1.2
170,45015020903,1435,69175,1792,0.0259053126129382,1560.5,226.0,5.1
171,45015020904,1706,83363,1637,0.019637009224716,1510.8,121.4,5.3
172,45015021000,1854,48444,1770,0.03653703244983899,1587.9,175.2,6.8
173,45017950100,2266,58188,2521,0.04332508420980271,2021.3,466.8,33.2
174,45017950200,2500,57871,2622,0.04530766705258247,2029.4,570.3,22.5
175,45017950400,1355,56921,3256,0.05720208710317809,2494.6,732.4,29.4
176,45019000100,989,142486,2480,0.017405218758334152,1947.1,531.6,1.4
177,45019000200,625,198356,3514,0.01771562241626167,2754.0,745.9,14.5
178,45019000400,890,52208,2046,0.039189396261109406,1928.8,110.4,7.0
179,45019000500,844,113667,2227,0.01959231791109117,1841.5,381.5,4.2
180,45019000600,527,75996,1714,0.022553818622032738,1632.5,81.1,0.7
181,45019000700,797,59682,1843,0.030880332428537917,1717.4,124.0,1.5
182,45019000900,603,60594,1775,0.029293329372545137,1528.8,243.2,3.0
183,45019001000,834,72235,2123,0.02939018481345608,1905.8,215.2,2.4
184,45019001100,1062,59513,2072,0.03481592257153899,1762.4,306.7,3.0
185,45019001500,637,75328,2337,0.03102432030586236,1992.1,341.9,2.8
186,45019001600,671,128756,2562,0.019898101836030944,2071.4,485.7,4.9
187,45019001901,1855,86857,2128,0.024500040296118908,1757.0,367.3,4.0
188,45019001902,2086,84487,1877,0.022216435664658467,1708.8,165.7,2.3
189,45019002002,2650,86040,2142,0.02489539748953975,1890.8,247.2,3.9
190,45019002003,4092,79088,1973,0.02494689459842201,1785.3,184.4,3.7
191,45019002004,847,109364,4282,0.03915365202443217,3903.2,375.3,3.6
192,45019002005,2710,132322,2365,0.017873067214824442,2018.6,341.2,5.6
193,45019002006,2090,96624,2219,0.022965308825964564,1832.2,382.0,5.1
194,45019002007,1387,143394,2484,0.01732290053977154,2089.0,390.1,4.7
195,45019002101,5552,87788,2131,0.024274388299084158,1878.7,248.4,3.8
196,45019002103,1404,97088,2558,0.02634723137771918,2165.5,386.2,5.9
197,45019002104,804,175226,5822,0.03322566285825163,5468.1,342.5,11.3
198,45019002105,922,138417,5003,0.03614440422780439,4633.5,363.5,6.0
199,45019002200,1100,73754,2665,0.03613363343005125,2101.6,556.9,6.1
200,45019002300,733,74536,3021,0.040530750241494044,2857.5,152.7,10.4
201,45019002400,1738,63886,2401,0.03758256895094387,2077.4,316.1,7.1
202,45019002502,3056,85001,2479,0.02916436277220268,2129.5,339.2,10.6
203,45019002604,1545,88149,2352,0.02668209508899704,1975.1,373.7,3.6
204,45019002605,1720,61480,2295,0.03732921275211451,1956.2,335.6,2.8
205,45019002606,860,112616,2530,0.02246572423101513,2125.4,400.8,3.6
206,45019002611,1549,62911,1603,0.025480440622466658,1485.6,115.1,2.4
207,45019002612,2997,76369,1813,0.023739999214340897,1685.4,124.8,3.1
208,45019002613,2630,69044,1710,0.024766815364115638,1552.4,154.8,2.8
209,45019002614,1756,61709,1655,0.026819426663857785,1519.7,133.8,1.7
210,45019002701,1089,42908,1747,0.040715018178428264,1620.4,124.4,2.4
211,45019002702,2054,50435,1982,0.03929810647367899,1746.6,233.1,2.5
212,45019002801,1844,92186,2219,0.02407090013668019,1987.3,225.5,5.9
213,45019002802,1075,104560,2736,0.02616679418515685,2251.8,479.7,4.9
214,45019002900,1308,80332,2208,0.027485933376487578,1849.7,355.7,2.9
215,45019003000,1466,125528,2511,0.02000350519406029,2086.1,422.5,2.8
216,45019003104,1919,33672,1628,0.0483487764314564,1580.9,44.5,2.7
217,45019003105,1547,38020,1634,0.042977380326144135,1533.8,98.1,2.4
218,45019003106,2801,56798,1797,0.03163843797316807,1638.7,153.9,4.7
219,45019003107,2048,52511,1608,0.030622155357925007,1396.4,206.3,5.4
220,45019003108,1671,41438,1468,0.03542642019402481,1403.0,63.4,1.9
221,45019003109,1463,50933,1596,0.03133528360787702,1489.5,103.8,3.0
222,45019003110,3124,45871,1522,0.03318000479605851,1450.2,68.3,3.4
223,45019003111,1959,42044,1748,0.04157549234135667,1658.1,87.4,2.5
224,45019003113,1332,50089,1631,0.03256203956956617,1552.1,76.3,2.3
225,45019003114,3528,58957,1554,0.02635819325949421,1474.4,74.9,4.5
226,45019003115,2894,49952,1634,0.032711402946828956,1569.6,62.6,1.4
227,45019003200,350,55224,1370,0.024808054469071417,1341.8,27.2,1.5
228,45019003300,1547,35865,1804,0.05029973511780287,1663.5,135.3,5.6
229,45019003400,1601,34686,1954,0.0563339675949951,1832.5,120.8,1.2
230,45019003500,1345,81138,1985,0.024464492592866476,1646.9,334.8,3.6
231,45019003600,1011,65296,1978,0.03029282038716001,1748.2,228.3,1.8
232,45019003700,1614,37721,1522,0.040348877283210946,1428.1,93.0,0.9
233,45019003800,1258,39729,2044,0.051448564021243925,1783.2,255.5,5.1
234,45019003900,825,66040,1881,0.028482737734706238,1670.4,207.0,4.1
235,45019004000,996,39578,1918,0.048461266360099044,1724.6,190.4,3.1
236,45019004300,990,33494,1898,0.056666865707290855,1776.9,120.6,0.7
237,45019004400,913,43319,1947,0.044945635864170455,1725.5,219.0,2.6
238,45019004606,4358,136968,1839,0.01342649377956895,1647.8,186.2,5.1
239,45019004607,2776,98668,1521,0.0154153322252402,1441.2,76.1,3.6
240,45019004608,9373,153103,2216,0.014473916252457496,1918.9,286.9,10.4
241,45019004609,2861,123663,2097,0.016957376094709008,1867.3,225.4,4.8
242,45019004610,1606,108955,1991,0.018273599192327107,1832.9,152.0,5.8
243,45019004611,4383,119343,1913,0.016029427783782878,1755.6,149.4,8.3
244,45019004612,3301,104591,1654,0.01581398017037795,1590.3,58.9,4.4
245,45019004613,578,203580,2306,0.01132724236172512,2144.0,151.8,10.7
246,45019004614,2997,140694,1997,0.014193924403314996,1806.0,182.8,8.4
247,45019004701,2554,122675,2173,0.017713470552272265,1817.0,333.1,22.7
248,45019004702,1096,89381,1784,0.019959499222429823,1647.5,129.8,6.2
249,45019004800,800,166322,2908,0.01748415723716646,2425.4,470.1,12.1
250,45019004901,838,158652,3388,0.021354915160224894,3007.4,371.2,9.0
251,45019004902,1041,138435,5215,0.037671109184815976,5017.0,188.2,9.9
252,45019005000,1885,64680,2673,0.0413265306122449,2196.7,462.9,13.5
253,45019005100,751,110874,2179,0.019652939372621175,1941.8,230.6,6.7
254,45019005200,888,124645,2577,0.020674716193990934,2076.9,496.2,3.7
255,45019005300,1339,45425,2141,0.0471326362135388,1880.3,258.8,1.8
256,45019005400,825,43506,1980,0.045510964004964835,1779.3,197.4,3.2
257,45019005500,563,35920,1517,0.04223273942093541,1470.2,45.6,1.6
258,45019005600,5161,87840,1948,0.022176684881602914,1734.2,211.0,2.6
259,45019005700,3550,106974,2176,0.02034139136612635,1956.4,214.1,5.0
260,45019005800,2824,106143,2029,0.019115721243982173,1778.2,247.3,3.6
261,45021970100,2982,56948,2744,0.048184308491957574,2378.3,340.0,25.9
262,45021970201,1223,49599,2433,0.049053408334845464,2102.0,313.2,17.8
263,45021970202,2633,77310,2736,0.03538998835855646,2382.4,335.5,17.8
264,45021970301,1634,41106,1992,0.04846007882061013,1744.5,230.5,17.0
265,45021970302,1518,29181,2395,0.08207395222919023,2100.7,278.3,16.1
266,45021970401,1321,40886,2301,0.05627843271535489,1931.8,345.5,24.0
267,45021970402,2177,44331,3300,0.07444000812072817,2940.7,331.1,27.9
268,45021970501,734,46775,2528,0.054045964724746126,2165.0,331.9,30.7
269,45021970502,1773,30390,2455,0.08078315235274762,2191.8,243.0,20.7
270,45021970503,501,37600,3013,0.08013297872340426,2758.3,224.5,30.0
271,45021970601,1672,59245,2836,0.04786901848257237,2384.5,431.2,20.5
272,45021970602,906,58812,2773,0.047150241447323674,2353.0,385.6,34.7
273,45021970700,1299,45955,2483,0.05403111739745403,2094.1,344.2,44.3
274,45023020100,783,36785,2132,0.05795840695935844,1398.4,707.0,27.1
275,45023020200,1255,40746,2052,0.050360771609483136,1380.1,640.3,31.6
276,45023020300,1320,47913,2028,0.04232671717487947,1419.3,597.3,11.2
277,45023020400,923,54328,1984,0.0365189221027831,1527.2,434.4,22.0
278,45023020500,1104,48777,2168,0.04444717797322509,1812.1,330.2,26.0
279,45023020601,970,65436,1940,0.02964728895409255,1403.1,515.4,21.2
280,45023020602,1674,60643,2030,0.03347459723298649,1454.1,555.1,20.5
281,45023020700,726,69989,2580,0.03686293560416637,1948.1,612.6,18.8
282,45023020800,1984,55251,2260,0.04090423702738412,1895.6,350.8,13.7
283,45023020900,855,40303,1908,0.047341388978487955,1451.1,418.6,37.9
284,45023021000,859,40463,1898,0.04690705088599461,1262.5,611.0,24.7
285,45025950101,2038,48505,2061,0.04249046490052572,1628.3,407.5,25.6
286,45025950102,1658,42512,2379,0.05596066992849078,2064.4,296.1,18.4
287,45025950200,1772,48366,1957,0.04046230823305628,1559.1,375.0,23.4
288,45025950300,1083,58207,2878,0.04944422492140121,2368.9,480.7,28.4
289,45025950400,3028,53440,2550,0.04771706586826347,2210.2,312.5,27.1
290,45025950501,895,43083,2306,0.053524592066476334,2129.6,155.3,21.2
291,45025950502,2296,56275,2273,0.04039093736117281,1962.4,296.2,14.5
292,45025950600,2171,48074,2990,0.062195781503515415,2445.2,521.5,23.1
293,45025950700,1995,51728,2857,0.055231209403031244,2520.6,310.3,25.6
294,45025950800,1041,47189,2349,0.04977855008582509,2117.0,204.0,28.3
295,45027960100,1470,52170,2528,0.048456967605903775,2006.4,491.4,30.7
296,45027960201,646,62385,2807,0.044994790414362426,2151.7,629.8,25.9
297,45027960300,918,49797,2370,0.047593228507741434,2030.6,317.9,21.8
298,45027960400,1001,60288,2762,0.04581342887473461,2279.2,464.2,18.2
299,45027960500,1662,37563,2252,0.059952612943588106,2020.1,215.3,16.7
300,45027960600,1056,47409,2623,0.05532704760699445,2443.3,155.3,24.6
301,45027960701,1469,55053,2201,0.03997965596788549,1905.8,271.6,24.1
302,45027960702,490,45758,3488,0.07622710782813934,3215.1,260.8,12.0
303,45027960703,1760,64890,3977,0.06128833410386809,3698.4,262.2,16.0
304,45027960801,1411,36626,2906,0.07934254354829902,2023.1,849.0,33.8
305,45027960802,1444,47230,2913,0.06167690027524878,2581.3,309.9,21.5
306,45029970100,679,45369,3015,0.06645506843880182,2541.2,458.0,15.9
307,45029970200,641,48941,3400,0.06947140434400605,2873.7,506.0,20.3
308,45029970300,2358,46887,2546,0.05430076567065498,2209.5,327.2,8.8
309,45029970401,1672,51902,2987,0.05755076875650264,2570.2,400.0,16.5
310,45029970402,1423,58392,2529,0.04331072749691738,2200.8,314.4,13.6
311,45029970500,2104,39306,2344,0.05963466137485371,1969.9,364.2,9.5
312,45029970600,3083,40547,2297,0.05665030705107653,2029.5,256.3,10.9
313,45029970700,2307,56346,2799,0.049675220956234695,2477.8,309.3,11.7
314,45029970800,878,79022,6089,0.07705449115436208,5696.0,381.6,11.2
315,45031010100,1236,39679,3223,0.08122684543461277,2885.4,316.5,21.2
316,45031010200,2328,63733,2590,0.040638287857154065,2222.1,354.8,13.2
317,45031010300,1930,68620,2657,0.03872048965316234,2248.2,395.0,13.3
318,45031010400,2395,87727,2626,0.029933771814834656,2279.3,339.2,7.4
319,45031010500,1086,68874,2017,0.02928536167494265,1718.1,294.6,4.7
320,45031010600,1706,46518,2146,0.046132679822864266,1966.4,166.3,12.8
321,45031010700,1087,31137,1768,0.05678132125766772,1514.9,244.2,8.9
322,45031010800,1024,47193,2612,0.05534719132074672,2415.3,183.9,12.9
323,45031010900,2517,50617,2430,0.04800758638402118,2229.7,186.3,14.3
324,45031011000,1310,54521,2295,0.042093872085985216,1984.6,295.0,15.2
325,45031011100,952,48809,1884,0.03859943862812186,1541.8,333.6,8.6
326,45031011200,1767,36732,2373,0.0646030708918654,2098.6,251.7,22.4
327,45031011300,2169,46515,2525,0.05428356444157799,2297.1,212.6,15.1
328,45031011400,1965,46637,2434,0.05219032098977207,1989.0,429.3,15.3
329,45031011500,1689,56389,2553,0.04527478763588643,2230.3,305.0,17.9
330,45031011600,1431,37858,2312,0.06107031538908553,1902.2,388.7,21.6
331,45033970100,1180,42932,2644,0.06158576353302898,2030.8,590.2,23.2
332,45033970200,2260,31873,2331,0.07313400056474131,2060.9,258.4,11.6
333,45033970300,1882,54417,2051,0.037690427623720525,1746.1,289.1,15.5
334,45033970400,1549,29440,2349,0.07978940217391305,2073.1,247.3,28.7
335,45033970500,1462,46736,3097,0.06626583361862376,2612.3,459.3,25.1
336,45033970600,2635,50168,2730,0.054417158347950884,2236.8,469.5,24.0
337,45035010100,980,53910,3101,0.05752179558523465,2248.6,837.0,15.5
338,45035010200,1824,56503,2673,0.047307222625347325,2202.6,460.3,10.2
339,45035010300,2288,52127,2631,0.05047288353444472,2237.3,380.0,13.4
340,45035010400,1711,60826,2305,0.03789497912077072,2115.7,175.8,13.1
341,45035010501,1945,86542,2063,0.02383813639620069,1893.3,164.6,4.8
342,45035010503,1336,95287,2139,0.02244797296588202,1895.6,234.8,8.5
343,45035010504,2876,65360,1730,0.026468788249694,1576.9,148.5,4.6
344,45035010505,2570,87228,1950,0.02235520704360985,1745.5,196.0,8.8
345,45035010603,2520,82136,2015,0.024532482711600273,1874.2,134.8,6.1
346,45035010604,1608,85194,1947,0.02285372209310515,1770.5,169.7,6.9
347,45035010605,3320,63129,1907,0.03020798682063711,1689.1,209.1,8.6
348,45035010606,755,107407,2113,0.019672833241781262,1683.9,421.9,6.9
349,45035010700,2262,67265,1779,0.02644763249832751,1524.1,243.3,11.6
350,45035010801,1981,89691,2081,0.023201882017147762,1832.4,244.7,3.8
351,45035010807,1892,90684,1886,0.020797494596621235,1697.8,174.0,14.0
352,45035010808,2882,80326,1814,0.02258297437940393,1604.9,201.3,7.7
353,45035010809,1487,83004,1854,0.02233627295070117,1586.5,257.8,9.4
354,45035010813,3234,65816,1740,0.026437340464324784,1669.8,65.3,4.9
355,45035010814,2109,76630,2036,0.026569228761581624,1879.0,150.0,6.5
356,45035010815,1458,60305,1610,0.026697620429483458,1559.9,47.1,3.4
357,45035010816,4578,80137,1615,0.02015298800803624,1454.7,158.7,1.7
358,45035010817,1746,95557,1700,0.01779042874933286,1481.9,215.2,2.8
359,45035010818,2786,60168,1710,0.028420422816114878,1606.7,96.5,6.5
360,45035010819,1612,90153,1799,0.019954965447627922,1610.3,183.0,5.6
361,45035010820,2789,88761,1699,0.019141289530311734,1554.6,140.2,4.3
362,45037970201,636,72518,2981,0.04110703549463581,2356.4,605.2,19.0
363,45037970202,2029,54875,2265,0.041275626423690204,1903.4,352.4,8.8
364,45037970300,1794,54345,2208,0.04062931272426166,1848.8,341.9,17.2
365,45037970400,1204,69101,2568,0.037162993299662814,2096.0,454.8,17.0
366,45037970501,1505,74329,2453,0.033001923878970524,2086.6,352.1,13.8
367,45037970502,1895,88554,2378,0.026853671206269622,1996.4,367.6,14.2
368,45039960100,858,42190,2694,0.06385399383740223,2102.2,552.5,38.9
369,45039960200,1352,63089,2810,0.04454025265894213,2038.5,740.8,30.7
370,45039960300,2340,57582,2796,0.048556840679378974,2249.4,513.8,32.8
371,45039960400,2405,40911,2133,0.052137566913544035,1725.8,387.6,19.3
372,45039960500,2024,61237,2713,0.04430328069631105,2101.0,578.5,33.9
373,45041000101,1168,96853,2326,0.024015776486014887,1973.4,343.3,9.4
374,45041000102,2268,91168,2258,0.024767462267462268,1934.7,313.7,9.3
375,45041000201,992,103905,2280,0.021943121120254077,1999.1,273.6,7.3
376,45041000202,3708,63658,1871,0.029391435483364228,1649.6,214.2,6.8
377,45041000300,1602,53921,2491,0.046197214443352314,2240.6,242.7,7.5
378,45041000400,1799,70639,2552,0.036127351746202525,2194.1,345.4,13.0
379,45041000500,1809,41376,1946,0.04703209590100541,1731.3,202.9,11.8
380,45041000600,1961,68849,1800,0.02614417057618847,1484.9,304.4,10.8
381,45041000700,873,30200,2088,0.06913907284768211,1867.8,206.5,13.4
382,45041000800,1456,31894,1900,0.05957233335423591,1649.5,234.2,16.3
383,45041000900,1350,28084,1703,0.060639510041304655,1506.0,174.9,21.9
384,45041001000,762,46279,1811,0.03913221979731628,1610.5,193.7,7.1
385,45041001100,2282,44812,1678,0.03744532714451486,1368.6,303.2,6.6
386,45041001200,1438,99455,1994,0.02004926851339802,1603.8,379.5,10.8
387,45041001300,1508,63472,2225,0.035054827325434836,1972.2,246.3,6.8
388,45041001400,3330,79501,2099,0.02640218362033182,1812.0,278.8,7.7
389,45041001503,1321,88024,2502,0.028424066163773517,2159.7,330.4,11.8
390,45041001504,2213,69573,2546,0.03659465597286304,2208.3,327.6,10.2
391,45041001505,1376,71751,2481,0.03457791529037923,2121.2,350.0,10.0
392,45041001506,788,59129,2626,0.04441137174652032,2371.3,233.2,21.9
393,45041001601,2424,52348,2194,0.041911820890960495,2027.1,161.4,5.8
394,45041001602,1772,62338,2838,0.04552600340081491,2339.7,481.0,16.9
395,45041001700,899,56439,2748,0.048689735820974855,2502.0,233.8,12.0
396,45041001800,1221,59881,2726,0.045523621850002506,2164.8,538.4,22.3
397,45041001900,2120,59980,2766,0.04611537179059687,2439.0,315.5,12.0
398,45041002000,1415,51503,2577,0.05003592023765606,2243.2,314.6,19.7
399,45041002201,1859,42714,2391,0.055976963056609076,2058.4,296.1,36.3
400,45041002202,1314,47528,2215,0.04660410705268473,1833.1,373.5,8.9
401,45041002300,1373,52109,2996,0.057494866529774126,2552.9,423.2,19.8
402,45041002400,1306,50414,3114,0.0617685563533939,2670.4,425.2,18.6
403,45041002500,1044,66798,2852,0.042695889098476,2702.3,136.3,13.9
404,45041002600,1300,41753,2677,0.06411515340215074,2346.8,308.6,21.4
405,45043920100,1140,45861,3329,0.07258890996707441,2916.6,376.9,35.0
406,45043920201,1883,48224,2370,0.049145653616456536,2119.0,238.0,12.6
407,45043920202,786,51146,2662,0.05204708090564267,2275.9,364.9,21.6
408,45043920301,1815,56202,3309,0.05887690829507847,2973.3,306.3,29.2
409,45043920302,1244,69866,2415,0.03456616952451837,2019.0,378.1,18.1
410,45043920400,935,36650,3253,0.08875852660300136,2877.8,352.7,22.7
411,45043920501,2460,82091,2932,0.035716461000596895,2743.3,180.7,7.8
412,45043920502,1725,65866,3339,0.05069383293353172,3127.1,195.3,16.6
413,45043920503,2819,85208,3110,0.03649892028917472,2916.7,172.7,20.2
414,45043920504,2373,93608,3202,0.03420647807879668,3022.9,169.6,9.8
415,45043920505,2208,113743,4722,0.041514642659328485,4421.9,276.8,23.6
416,45043920600,2478,37603,2354,0.06260138818711274,2047.4,297.7,9.0
417,45043920700,1794,56390,2301,0.040805107288526335,2115.0,174.5,11.2
418,45043920800,1451,53459,2713,0.05074917226285565,2188.3,500.3,24.3
419,45045000100,637,83900,1246,0.014851013110846245,1004.7,234.5,6.6
420,45045000200,841,98505,924,0.009380234505862646,850.8,72.0,1.0
421,45045000400,648,88170,1300,0.014744244073948054,943.3,338.6,18.3
422,45045000500,615,62154,1273,0.02048138494706696,1063.4,202.3,7.4
423,45045000700,1001,54724,1211,0.022129230319421093,995.8,194.5,20.9
424,45045000800,520,32044,1243,0.03879041318187492,965.2,262.7,15.7
425,45045000900,461,66470,1379,0.020746201293816758,1087.3,278.7,12.9
426,45045001000,1109,80507,1223,0.01519122560771113,948.4,261.4,13.4
427,45045001101,1723,111955,1447,0.012924835871555535,1077.2,358.8,11.5
428,45045001102,819,118662,1479,0.012463973302320878,1032.9,426.7,19.0
429,45045001203,244,78929,1368,0.0173320325862484,946.8,411.9,9.0
430,45045001204,1313,63138,1132,0.017928980962336468,973.6,147.3,10.6
431,45045001205,619,51488,1174,0.022801429459291485,923.8,229.4,21.2
432,45045001302,776,73491,1386,0.018859452177817693,927.7,440.7,17.8
433,45045001400,1627,120459,1298,0.010775450568243137,994.3,293.8,9.5
434,45045001501,1759,128179,1518,0.01184281356540463,1057.0,450.4,10.5
435,45045001502,1016,38867,1400,0.03602027426865979,1032.6,343.0,24.2
436,45045001600,1857,75749,1515,0.020000264029888182,1129.7,376.5,9.1
437,45045001700,1736,49783,1255,0.02520940883434104,976.7,262.9,15.1
438,45045001803,1647,56243,1353,0.024056327009583416,1051.5,282.6,19.1
439,45045001804,1747,67908,1386,0.020409966425163458,968.4,403.3,14.5
440,45045001805,1986,78496,1353,0.017236547085201795,956.3,381.6,14.8
441,45045001807,2395,73221,1256,0.017153548845276628,960.5,287.9,7.1
442,45045001808,2056,61435,829,0.013493936681045007,791.7,35.8,1.0
443,45045001809,1737,59108,975,0.016495229072206807,811.0,161.0,3.0
444,45045001810,1731,51798,899,0.017355882466504498,821.2,75.6,2.0
445,45045001900,2532,118670,1377,0.011603606640262915,1042.8,323.2,10.5
446,45045002001,1253,39699,1348,0.033955515252273354,1044.5,291.4,12.6
447,45045002003,1557,36455,1508,0.04136606775476615,1399.7,97.5,10.8
448,45045002005,1454,44079,1434,0.03253249846865854,1144.9,273.3,16.0
449,45045002103,1281,117817,1613,0.013690723749543785,1220.6,379.7,12.8
450,45045002104,465,38078,1590,0.041756394768632805,1287.6,286.4,15.5
451,45045002105,891,39959,1565,0.039165144272879704,1311.6,234.4,19.3
452,45045002106,1371,35702,1481,0.04148226990084589,1195.6,253.8,31.9
453,45045002107,1128,38705,1465,0.03785040692417,1133.9,322.8,8.3
454,45045002108,696,47688,1484,0.031118939775205502,1213.5,246.6,24.0
455,45045002201,2052,44078,1509,0.03423476564272426,1318.3,182.2,8.0
456,45045002202,855,32525,1290,0.03966179861644888,1116.3,150.5,23.2
457,45045002301,1721,45342,1410,0.031096996162498346,1086.0,310.7,13.8
458,45045002302,1505,39737,1267,0.031884641517980726,1030.0,230.1,7.1
459,45045002303,809,29032,1259,0.04336594103058694,1069.8,180.7,8.2
460,45045002304,1018,56452,1351,0.02393183589598243,1102.2,235.9,13.0
461,45045002402,3022,63539,1869,0.029415004957585106,1651.2,207.2,10.6
462,45045002403,1549,70616,2268,0.03211736716891356,2003.2,244.3,20.4
463,45045002404,1502,72109,2769,0.0384001996976799,2119.9,613.7,35.2
464,45045002503,3786,85864,2437,0.028382092611571787,1481.7,949.1,5.7
465,45045002504,765,50320,1892,0.037599364069952304,1048.7,822.5,21.2
466,45045002505,1479,39110,1658,0.04239324980823319,979.7,668.0,10.0
467,45045002506,1454,76228,2683,0.035197040457574644,1611.8,1052.9,18.0
468,45045002507,1903,65293,2392,0.03663486131744598,1540.1,845.0,7.0
469,45045002602,1679,68191,1356,0.01988532210995586,1045.4,302.5,7.7
470,45045002604,2253,58472,1862,0.03184430154603913,1553.7,295.7,12.2
471,45045002606,2165,83786,1997,0.023834530828539376,1727.1,258.2,11.6
472,45045002608,3449,110619,1422,0.0128549345049223,1054.7,359.4,8.1
473,45045002609,2579,91175,1318,0.014455717027693995,1052.9,259.8,5.6
474,45045002610,1194,65070,1173,0.018026740433379436,975.3,189.1,8.9
475,45045002611,2042,67069,2051,0.030580447002340874,1662.2,373.5,14.9
476,45045002701,1679,84262,1595,0.018929054615366356,1186.6,376.8,31.4
477,45045002702,2742,76889,1398,0.01818205465021004,1090.0,297.4,10.6
478,45045002803,3310,101635,1317,0.01295813450091012,1039.2,272.3,5.5
479,45045002804,912,114727,1494,0.013022217960898481,1032.2,452.5,9.3
480,45045002805,2103,93641,1891,0.020194145726764985,1630.7,253.4,6.7
481,45045002808,3706,88335,1599,0.018101545253863136,1391.2,200.6,7.6
482,45045002811,3872,89467,1680,0.01877787340583679,1445.9,228.4,5.3
483,45045002812,2725,102745,1955,0.019027689911917854,1591.6,354.9,8.3
484,45045002813,1485,169576,2355,0.013887578430910034,1856.5,489.2,8.8
485,45045002814,2054,143346,2244,0.01565443053869658,1789.1,447.9,7.0
486,45045002815,1981,142701,2344,0.016425953567249005,1884.8,452.7,6.5
487,45045002816,3662,113997,2241,0.019658412063475354,1830.9,403.4,6.8
488,45045002901,2595,54668,1283,0.02346893978195654,949.8,323.3,9.5
489,45045002903,3263,62141,1683,0.0270835680146763,1451.5,224.5,7.4
490,45045002904,2230,75019,1228,0.016369186472760235,953.7,265.3,8.7
491,45045002905,1639,107583,1504,0.013979903888160769,1140.2,353.7,10.0
492,45045003005,1111,58311,1371,0.023511858825950506,1133.1,226.4,11.1
493,45045003008,2346,115104,2212,0.019217403391715317,1731.7,468.7,11.4
494,45045003009,2744,106654,1973,0.018499071764772067,1622.5,341.6,8.5
495,45045003010,2606,100592,2198,0.021850644186416416,1797.1,391.9,8.6
496,45045003011,2008,87528,2301,0.026288730463394572,1620.6,672.6,8.0
497,45045003012,2250,67642,1251,0.01849442653972384,1040.8,201.9,7.9
498,45045003013,2614,80451,1284,0.015960025357049632,984.4,295.5,4.1
499,45045003014,2095,85543,1430,0.016716738950001753,1072.9,346.5,10.6
500,45045003015,3158,107540,1524,0.014171471080528176,1124.3,393.3,6.1
501,45045003101,2750,74559,2649,0.03552890999074559,1984.4,655.4,9.3
502,45045003103,1088,91963,2436,0.02648891401976882,1771.7,654.4,9.6
503,45045003104,709,68870,2194,0.03185712211412807,1922.9,258.4,12.3
504,45045003201,1717,64416,2735,0.042458395429706905,2475.3,248.7,11.3
505,45045003202,1280,65003,2897,0.04456717382274664,2548.2,315.3,33.4
506,45045003301,2385,58335,2285,0.03917030941973086,1962.1,299.7,23.6
507,45045003303,1924,64038,2131,0.03327711671195228,1913.1,204.1,14.0
508,45045003304,2644,60955,1492,0.024477073250758756,1137.9,339.6,14.1
509,45045003401,494,43769,1572,0.03591583083917842,1174.7,345.4,51.9
510,45045003500,955,52850,1396,0.02641438032166509,1229.7,155.0,11.7
511,45045003601,2311,42562,1923,0.04518114750246699,1717.4,197.7,8.2
512,45045003602,1051,39498,1333,0.0337485442300876,1081.4,241.8,9.8
513,45045003701,2212,62395,1941,0.03110826187995833,1689.1,242.6,9.6
514,45045003704,1511,43511,1277,0.029348900278090596,1054.4,210.9,11.9
515,45045003705,768,45792,1297,0.02832372466806429,1074.7,204.6,18.2
516,45045003706,1303,44038,1303,0.029588083019210683,1077.2,215.1,10.8
517,45045003707,1486,45670,1229,0.026910444493102693,1065.3,157.3,6.8
518,45045003801,2085,78340,1408,0.01797293847332142,1095.2,305.2,7.9
519,45045003802,1985,77204,1426,0.018470545567587173,1110.9,293.1,21.7
520,45045003902,1568,71351,1494,0.020938739471065577,1138.1,341.1,14.7
521,45045003903,1596,61206,2119,0.03462078881155442,1861.6,230.1,26.8
522,45045003904,2480,65713,1415,0.0215330299940651,1126.4,273.5,14.6
523,45045004001,1178,60366,2193,0.03632839677964417,1924.7,244.4,24.3
524,45045004002,1603,87560,2596,0.02964824120603015,2083.5,476.3,35.7
525,45045004101,1259,56377,2633,0.04670344289337851,2274.0,329.2,29.7
526,45045004102,392,71900,3645,0.05069541029207232,3087.8,524.6,33.0
527,45045004200,976,158014,1598,0.010113027959547887,1152.4,432.6,13.3
528,45045004300,1760,47208,1331,0.02819437383494323,1055.5,257.3,17.9
529,45045004400,945,46392,1117,0.024077427142610797,958.0,150.2,8.5
530,45047970101,1366,61049,1901,0.03113892119445036,1589.2,298.8,13.2
531,45047970102,1867,50598,2475,0.04891497687655639,2047.2,407.2,20.4
532,45047970201,1475,70918,1882,0.026537691418257705,1441.7,426.1,14.0
533,45047970202,3434,53634,1991,0.03712197486668904,1570.4,413.1,8.0
534,45047970301,1497,79010,2634,0.03333755220858119,1895.0,731.9,7.2
535,45047970302,2507,81263,1990,0.024488389549979696,1629.1,353.1,7.7
536,45047970400,2405,62864,2284,0.03633240010180708,1837.4,435.5,11.5
537,45047970500,1964,26329,2237,0.08496334839910365,1672.1,558.5,6.1
538,45047970600,2903,50216,2463,0.049048112155488294,2012.5,439.0,11.8
539,45047970701,993,80918,2201,0.02720037568896908,1792.4,397.5,11.3
540,45047970702,1882,47798,1800,0.037658479434285956,1412.9,375.9,10.8
541,45047970800,3400,43320,1968,0.04542936288088643,1691.5,266.7,9.7
542,45047970900,746,57572,2450,0.04255540887931633,2191.0,239.3,19.8
543,45047971000,768,47378,1904,0.04018742876440542,1640.7,249.1,14.2
544,45049920100,898,49051,2585,0.052700250759413675,2355.1,214.8,15.2
545,45049920200,2602,41808,2299,0.05498947569843092,2035.1,252.1,12.1
546,45049920300,779,47490,2969,0.06251842493156454,2580.5,378.2,10.5
547,45049920400,1933,39622,2500,0.06309625965372773,2192.3,295.8,11.7
548,45049920500,712,41928,2679,0.06389524899828276,2369.3,295.1,14.2
549,45051010100,1251,39598,2167,0.054724986110409615,1896.9,258.9,11.7
550,45051020100,1226,47909,2274,0.047464985702060154,1882.9,380.6,10.5
551,45051020200,2331,45898,2071,0.04512179179920694,1845.8,215.4,10.1
552,45051020300,2861,44009,1979,0.04496807471199073,1789.2,177.9,11.4
553,45051030101,236,47792,2165,0.04530046869768999,2040.3,117.0,8.2
554,45051030102,1140,59541,2173,0.03649585999563326,1927.5,237.3,8.0
555,45051030103,1662,52085,2175,0.04175866372276087,2051.6,114.2,9.6
556,45051040101,2244,52077,2039,0.03915356107302648,1939.5,94.0,5.7
557,45051040102,2295,60090,1915,0.031868863371609255,1843.5,64.7,6.4
558,45051040103,2714,64261,2080,0.03236799925304617,2006.0,68.1,6.0
559,45051040104,1203,60229,1967,0.032658686015042585,1865.6,90.7,11.1
560,45051040105,1313,68093,1971,0.028945706607140236,1884.6,79.3,7.6
561,45051040200,1839,81527,4079,0.05003250456903848,3873.9,186.4,19.0
562,45051040300,2088,74992,3625,0.04833848943887348,3543.3,74.8,7.0
563,45051040400,1842,75270,3810,0.05061777600637704,3754.0,50.4,5.6
564,45051040500,1867,74294,3650,0.04912913559641425,3537.2,102.5,10.4
565,45051050102,1895,75884,2716,0.035791471192873334,2622.4,86.9,6.7
566,45051050200,942,91541,3310,0.03615866114637157,3241.9,60.9,7.6
567,45051050303,1293,93614,3730,0.039844467707821477,3641.7,77.4,10.8
568,45051050401,1403,57588,1529,0.02655067027853025,1443.3,80.4,5.5
569,45051050402,1069,98265,3816,0.038833765837276754,3715.9,92.3,8.2
570,45051050500,2410,47879,1897,0.03962071054115583,1840.2,49.6,7.4
571,45051050600,1872,37921,1700,0.04483004140186177,1641.6,54.7,3.9
572,45051050700,630,37017,2630,0.07104843720452765,2605.3,21.8,2.7
573,45051050900,2388,47870,1884,0.039356590766659705,1803.1,65.5,15.1
574,45051051000,2300,71469,1638,0.02291902783024808,1469.8,161.6,6.9
575,45051051201,729,74418,3293,0.044250047031632135,3208.5,65.2,19.1
576,45051051202,1291,58915,2717,0.04611728761775439,2676.9,33.8,5.9
577,45051051301,647,61592,3791,0.061550201324847384,3709.8,71.4,10.0
578,45051051302,1178,79127,3334,0.04213479596092358,3234.7,82.7,16.6
579,45051051403,2197,85705,1846,0.021539000058339655,1722.2,113.9,10.0
580,45051051404,2055,56800,2195,0.038644366197183096,2143.3,44.7,7.5
581,45051051405,1657,55874,2024,0.03622436195726098,1977.3,38.3,8.1
582,45051051406,1919,44107,1503,0.03407622372865985,1450.0,39.8,12.8
583,45051051501,1478,64408,1761,0.027341324059123092,1755.4,0.0,5.9
584,45051051502,3779,53570,1475,0.027534067575135338,1427.2,42.6,5.2
585,45051051503,1482,59965,1650,0.027516051029767365,1592.3,28.6,29.6
586,45051051601,3911,61926,1760,0.028421018635145172,1664.5,84.4,10.9
587,45051051603,2370,68660,2203,0.032085639382464316,2084.5,114.2,4.3
588,45051051604,4711,77385,1915,0.02474639788072624,1804.6,105.6,4.7
589,45051051605,2684,76469,1918,0.02508205939661824,1811.7,100.2,5.8
590,45051051700,886,57823,3633,0.06282966985455614,3579.9,44.9,8.5
591,45051060101,1016,49019,2255,0.046002570431873356,2144.9,105.3,4.8
592,45051060102,1068,45772,1987,0.04341081884121297,1939.1,41.6,6.6
593,45051060203,2919,76589,1807,0.023593466424682397,1689.7,106.3,10.8
594,45051060204,3319,61202,2082,0.03401849612757753,2008.4,66.3,7.1
595,45051060206,3126,83398,1792,0.02148732583515192,1671.9,113.4,6.8
596,45051060207,2018,76028,1898,0.02496448676803283,1795.6,91.2,11.4
597,45051060208,1725,62210,2019,0.032454589294325674,1955.4,58.7,5.0
598,45051060209,2421,73920,2157,0.029180194805194806,2080.5,73.0,3.2
599,45051060301,1633,62433,2106,0.03373216087645956,1843.9,252.7,9.6
600,45051060303,1176,88786,3324,0.03743833487261505,3237.8,78.2,7.8
601,45051060308,2535,64013,1829,0.02857232124724665,1627.9,189.9,11.4
602,45051060403,1082,45124,1931,0.042793192092899564,1908.3,17.2,5.4
603,45051060404,869,61620,1789,0.029032781564427134,1687.2,92.5,9.8
604,45051060405,2165,49456,1647,0.03330232934325461,1571.6,70.9,4.5
605,45051060406,2899,66132,1911,0.028896751950644166,1817.5,87.6,5.9
606,45051070101,1831,65362,2195,0.03358220372693614,2055.6,130.9,8.2
607,45051070102,1148,52889,2162,0.040878065382215584,1991.5,160.0,10.6
608,45051070200,1272,64230,2253,0.03507706679121906,2112.2,135.5,5.4
609,45051070300,1726,54467,1834,0.033671764554684486,1658.0,169.8,6.0
610,45051070400,2266,39922,1708,0.04278342768398377,1605.0,97.8,4.7
611,45051070500,1435,46510,1919,0.041259944098043434,1832.1,78.9,7.8
612,45051070601,1606,57829,2202,0.038077781044112816,2059.8,135.7,6.9
613,45051070602,1665,61716,2394,0.03879058915030138,2285.9,100.8,7.6
614,45051070701,2185,64859,2018,0.031113646525540016,1900.4,111.9,6.0
615,45051070702,2124,46244,1988,0.04298936078193928,1909.1,72.7,6.4
616,45051080101,1364,53758,2115,0.039342981509728786,1966.5,140.9,7.1
617,45051080102,951,54686,2132,0.03898621219324873,2062.8,59.9,9.5
618,45051080200,1701,51404,2095,0.04075558322309548,1916.4,172.0,6.8
619,45051980100,53,58917,1377,0.023371862111105455,1334.0,42.6,0.9
620,45053950100,1876,49899,2378,0.04765626565662639,2009.0,362.8,6.0
621,45053950201,2672,74145,1841,0.02482972553779756,1574.1,261.6,5.7
622,45053950202,2756,48574,1965,0.04045374068431671,1735.2,223.0,6.4
623,45053950300,2678,52907,2098,0.03965448806396129,1966.0,126.5,5.2
624,45055970100,978,34482,2591,0.07514065309436807,2369.7,203.7,17.8
625,45055970200,1074,50716,2493,0.049156084864736965,1854.3,602.6,35.8
626,45055970300,890,60928,3847,0.06314009978991597,3265.9,555.8,25.1
627,45055970401,1918,70170,2816,0.04013111016103748,2579.9,210.2,26.2
628,45055970402,1177,51250,2117,0.04130731707317073,1746.1,354.2,16.4
629,45055970403,906,53469,2274,0.04252931605229198,2024.7,231.4,18.1
630,45055970500,2330,75494,2738,0.036267782870161865,2127.2,593.6,17.0
631,45055970601,2297,44233,2950,0.0666922885628377,2410.2,518.6,21.2
632,45055970602,1737,44344,4741,0.10691412592458957,4520.6,200.5,19.9
633,45055970700,1084,60291,2872,0.047635633842530396,2452.9,396.5,22.4
634,45055970800,2540,49268,2438,0.049484452382885444,2044.2,378.8,15.3
635,45055970902,1137,54024,2284,0.04227750629349918,2062.7,200.8,20.8
636,45055970903,2450,64447,2131,0.03306593014414946,1843.8,272.0,15.1
637,45055970904,3237,69861,2167,0.031018737206739096,1963.3,187.1,17.1
638,45055970905,1078,97845,2192,0.022402779906995757,1942.5,226.0,23.5
639,45057010100,1341,63711,1941,0.03046569666148703,1499.2,427.4,14.0
640,45057010200,2587,51147,1881,0.036776350519092026,1385.6,471.6,24.3
641,45057010300,2063,57954,2101,0.036252890223280536,1509.0,567.9,24.6
642,45057010400,988,59485,1856,0.031201143145330755,1396.5,443.7,16.0
643,45057010500,1753,37469,1756,0.04686540873788999,1211.7,523.0,21.2
644,45057010600,2084,61940,1886,0.030448821440103326,1328.3,545.3,12.3
645,45057010700,1491,26132,1619,0.06195469156589622,1137.6,466.4,14.7
646,45057010800,948,48996,1957,0.03994203608457833,1246.5,687.3,23.4
647,45057010900,1478,70195,1587,0.022608447895149226,1079.9,491.1,15.9
648,45057011001,1845,53769,2068,0.0384608231508862,1438.5,609.0,20.8
649,45057011002,1645,59090,1945,0.032915891013707906,1455.6,467.8,21.3
650,45057011100,2140,72176,1831,0.02536854356018621,1464.1,344.6,22.2
651,45057011201,5397,109154,1700,0.015574326181358449,1278.5,411.1,10.2
652,45057011202,6872,98788,1711,0.017319917398874358,1224.2,478.6,8.2
653,45059920101,2691,54178,1705,0.03147033851378789,1339.5,350.3,15.5
654,45059920102,568,56377,1674,0.02969295989499264,1391.2,263.8,18.6
655,45059920103,1612,53499,1651,0.030860389913830166,1400.9,223.8,26.2
656,45059920104,1402,57997,1709,0.029467041398693036,1338.1,356.9,14.0
657,45059920201,1183,62464,1825,0.029216828893442622,1485.3,320.6,19.1
658,45059920202,1233,47176,2079,0.0440690181448194,1763.2,293.6,21.9
659,45059920301,1514,66237,1925,0.029062306565816688,1316.2,594.6,14.6
660,45059920302,1652,43988,1882,0.0427843957442939,1416.2,450.4,15.7
661,45059920400,2211,52523,2064,0.0392970698551111,1311.4,735.2,17.4
662,45059920501,659,66302,1913,0.02885282495249012,1608.5,286.7,17.9
663,45059920502,2212,43126,1975,0.045796039512127254,1443.8,515.5,15.6
664,45059920600,1694,44425,1608,0.036195835678109176,1318.5,275.1,14.2
665,45059920700,1793,39025,2031,0.05204356181934657,1562.7,443.4,24.4
666,45059920800,1835,64501,1764,0.02734841320289608,1161.5,587.8,14.5
667,45059920900,883,48769,2044,0.0419118702454428,1589.9,433.9,20.2
668,45059921001,1142,52215,1960,0.037537106195537684,1693.7,243.0,23.4
669,45059921002,1089,52757,2851,0.05404022215061508,2399.8,433.8,17.1
670,45061920100,599,48746,2677,0.054917326549870756,2282.8,376.7,17.3
671,45061920200,1873,41288,2309,0.05592423948847123,1938.5,349.7,20.7
672,45061920302,1413,41687,2786,0.06683138628349365,2406.7,358.9,20.7
673,45061920400,1443,49300,2527,0.05125760649087221,2233.6,274.8,19.0
674,45061920500,527,49652,2533,0.051015064851365505,2106.4,391.7,35.4
675,45061920600,502,33327,3382,0.10147928106340205,2976.3,385.6,20.5
676,45063020100,1146,50956,1903,0.037345945521626504,1560.9,334.9,6.7
677,45063020201,1412,68207,1604,0.02351664785139355,1334.8,261.7,7.4
678,45063020202,981,47175,1936,0.0410386857445681,1559.8,369.1,6.6
679,45063020300,1869,53581,1434,0.026763218304996172,1298.9,125.3,10.0
680,45063020505,1640,44597,1823,0.04087718904859071,1610.7,204.9,7.7
681,45063020506,2314,70071,1720,0.02454653137531932,1563.1,152.2,5.0
682,45063020507,2912,49269,1767,0.0358643366011082,1599.6,159.8,7.3
683,45063020508,930,88515,2001,0.022606337908829013,1615.4,376.9,8.8
684,45063020509,1716,56913,1615,0.028376645054732662,1444.3,165.7,5.1
685,45063020510,2072,64723,1796,0.02774902275852479,1568.1,222.7,5.1
686,45063020511,1556,57809,1491,0.025791831721704232,1383.2,102.4,5.5
687,45063020601,1874,47558,1781,0.03744900963034611,1555.7,219.7,6.1
688,45063020602,1885,61817,1849,0.029910865943025382,1576.9,263.7,8.4
689,45063020604,1465,74021,1882,0.025425217168100943,1569.4,304.8,8.2
690,45063020605,852,69142,1802,0.02606230655751931,1476.4,319.6,6.1
691,45063020703,1713,58016,2063,0.035559156094870384,1778.2,276.0,8.5
692,45063020705,1425,47256,1993,0.04217453868291857,1777.5,206.4,8.8
693,45063020706,1105,46142,2128,0.04611850374929565,1767.4,348.6,11.5
694,45063020707,1127,77838,2494,0.03204090547033583,2256.3,228.3,9.9
695,45063020708,1091,57559,1912,0.03321808926492816,1682.7,215.3,14.5
696,45063020801,598,54938,2857,0.05200407732352834,2475.6,363.2,18.6
697,45063020802,1188,42962,2066,0.048089008891578605,1716.7,336.2,12.8
698,45063020803,1248,55484,2332,0.04203013481363997,2136.9,180.9,13.8
699,45063020804,1017,43104,2229,0.051712138084632514,2028.2,184.3,16.9
700,45063020805,1957,48700,2046,0.042012320328542095,1911.8,127.2,7.4
701,45063020903,1865,52422,2157,0.04114684674373355,1862.8,286.4,7.9
702,45063020904,1151,60515,2236,0.036949516648764766,1932.0,291.0,12.7
703,45063020905,1313,47437,1994,0.04203469865295023,1801.1,185.0,7.4
704,45063020906,1461,52623,2021,0.038405260057389354,1900.5,108.9,11.2
705,45063020907,2498,69338,1967,0.028368282904035307,1755.8,208.1,2.8
706,45063020908,1415,83670,2060,0.02462053304649217,1815.8,238.9,5.6
707,45063021009,3662,90706,2075,0.02287610521905938,1840.2,228.3,6.5
708,45063021014,2527,119060,2182,0.018326894003023685,1800.2,378.6,3.0
709,45063021017,3172,70435,1959,0.02781287712074963,1746.2,206.2,7.0
710,45063021018,2019,63826,2023,0.031695547269137966,1836.5,181.5,5.4
711,45063021019,651,82687,2016,0.024381099810127347,1723.8,281.9,10.1
712,45063021020,1798,64723,1794,0.027718121842312624,1565.9,222.8,5.7
713,45063021021,689,116865,2271,0.019432678731870108,1879.4,376.3,15.3
714,45063021022,1706,104038,2155,0.020713585420711663,1785.1,367.4,2.9
715,45063021023,1190,85158,1963,0.023051269405105802,1704.1,253.8,4.7
716,45063021024,1835,107389,2034,0.01894048738697632,1642.4,388.3,3.3
717,45063021025,1600,111420,2121,0.019036079698438343,1838.0,273.8,9.3
718,45063021026,1699,109432,2006,0.01833101834929454,1700.6,300.0,5.4
719,45063021027,1677,102871,1884,0.018314199337033762,1553.6,325.9,4.6
720,45063021028,1360,71742,1909,0.0266092386607566,1636.0,268.4,4.7
721,45063021029,1255,66107,1714,0.02592766272860665,1463.6,247.3,3.3
722,45063021030,2099,80217,1543,0.019235324183153196,1380.4,159.3,3.6
723,45063021031,1605,88397,1871,0.02116587667002274,1605.5,259.3,6.6
724,45063021032,1470,106962,1941,0.018146631513995624,1633.6,302.6,4.7
725,45063021033,1760,74964,1971,0.026292620457819754,1768.7,197.0,5.6
726,45063021034,1863,69866,1899,0.027180602868347982,1676.9,212.4,10.0
727,45063021106,1142,88475,2112,0.023871150042384853,1706.2,395.3,10.2
728,45063021109,1417,81157,1836,0.022622817501879073,1658.2,167.6,10.0
729,45063021110,1171,99962,2150,0.021508173105780196,1794.9,344.9,10.2
730,45063021111,986,61759,2078,0.033646917858125944,1731.3,341.9,4.9
731,45063021112,1235,89032,1837,0.02063303082037919,1598.4,229.2,9.0
732,45063021113,1267,76208,1923,0.02523357127860592,1714.8,198.0,10.5
733,45063021114,1397,119000,2103,0.017672268907563026,1854.4,238.4,10.0
734,45063021115,1069,93183,1772,0.019016344182951825,1577.0,188.3,6.6
735,45063021116,1221,92064,2139,0.02323383733055266,1927.1,202.0,10.1
736,45063021203,2340,115981,2216,0.01910657780153646,1889.2,315.4,11.6
737,45063021204,1636,86497,1926,0.02226666820814595,1712.6,203.1,10.2
738,45063021205,1373,124637,2173,0.01743463016600207,1834.6,328.0,10.5
739,45063021206,1236,98796,2145,0.021711405320053445,1884.2,247.8,12.9
740,45063021303,1580,104121,2799,0.026882185149969748,2442.6,345.7,11.2
741,45063021304,1473,90391,2327,0.025743713422796518,2035.7,280.9,10.3
742,45063021305,1131,56691,2063,0.03639025594891605,1783.1,261.5,18.4
743,45063021306,1413,67980,2299,0.03381877022653722,1950.6,336.3,12.1
744,45063021307,737,57316,2148,0.03747644636750645,1926.6,213.8,8.0
745,45063021308,1478,67955,2379,0.035008461481863,2114.8,250.3,13.9
746,45063021402,1445,53083,2003,0.03773336096302018,1769.4,228.1,5.3
747,45063021403,867,55930,2345,0.041927409261576974,1941.5,386.8,17.0
748,45063021404,1218,60651,2126,0.035053008194423835,1761.6,354.9,9.3
749,45065920100,1041,66759,3245,0.048607678365463834,2942.0,290.3,13.0
750,45065920200,1977,44110,2432,0.05513489004760825,1693.5,714.0,24.9
751,45065920300,949,54116,3305,0.061072510902505726,2865.9,416.9,22.1
752,45067950100,1591,43823,2739,0.0625014261917258,2439.3,284.1,16.1
753,45067950200,2001,60789,2721,0.044761387751073384,2263.9,434.7,22.8
754,45067950300,955,33929,2826,0.08329157947478558,2495.6,314.9,15.5
755,45067950400,1375,41174,3122,0.07582454947296838,2626.6,476.4,19.0
756,45067950500,1971,53972,2769,0.05130438004891425,2240.4,508.3,20.6
757,45067950600,2203,39798,2703,0.06791798582843359,2288.7,402.8,11.3
758,45067950700,596,45506,3349,0.07359469081000308,2784.0,533.5,31.8
759,45067950800,846,50047,3013,0.060203408795732015,2606.7,388.1,17.7
760,45069960100,1268,50914,2435,0.04782574537455317,1911.7,499.6,24.0
761,45069960200,2145,27756,2278,0.08207234471825911,1945.2,301.7,31.6
762,45069960301,1826,53224,1965,0.036919434841424924,1585.2,362.0,17.5
763,45069960302,842,53035,2275,0.0428962006222306,1932.1,318.6,24.2
764,45069960400,1773,39113,2316,0.059213049369774756,1865.2,419.5,31.0
765,45069960500,906,42820,2130,0.049743110695936475,1822.6,288.1,19.5
766,45069960600,824,53964,2765,0.051237862278556076,2305.6,437.7,22.0
767,45071950100,1405,68603,2308,0.03364284360742242,1768.7,512.8,26.1
768,45071950201,924,46599,1744,0.037425695830382626,1559.2,170.1,14.9
769,45071950202,2901,52283,1728,0.03305089608476943,1368.9,334.3,25.0
770,45071950300,1416,51118,2253,0.04407449430728902,1797.0,408.9,47.2
771,45071950502,2055,39336,1772,0.04504779336994102,1448.0,305.3,18.9
772,45071950601,1904,58628,1956,0.03336289827386232,1641.7,292.1,22.6
773,45071950602,2610,79930,2340,0.029275616164143627,1996.8,327.8,15.1
774,45071950700,1724,56832,2108,0.03709177927927928,1768.0,307.6,32.0
775,45073030100,1841,52648,3364,0.0638960644278985,2668.8,658.0,37.3
776,45073030200,2685,89947,3001,0.0333640921876216,2576.2,402.7,21.8
777,45073030300,2714,74062,3065,0.04138424563203802,2530.8,509.4,24.7
778,45073030401,2845,45496,2487,0.054664146298575696,1976.9,484.3,25.6
779,45073030402,815,67458,2698,0.03999525630762845,2285.1,394.7,17.9
780,45073030500,2006,59393,2460,0.04141902244372232,1951.5,482.2,25.9
781,45073030601,2009,88772,2508,0.028252151579326815,2064.8,429.3,14.1
782,45073030602,1880,76096,2393,0.03144711942809083,2033.5,346.7,12.6
783,45073030701,1566,38787,2277,0.05870523629050971,1883.4,371.6,22.0
784,45073030702,2506,59810,2364,0.03952516301621802,2051.3,297.3,15.8
785,45073030800,3165,52728,2130,0.04039599453800637,1853.8,261.9,14.5
786,45073030901,1215,69800,3547,0.05081661891117478,3027.6,494.1,25.4
787,45073030902,2938,72848,2652,0.03640456841642873,2320.7,309.4,21.7
788,45073031000,2142,53008,2557,0.04823800181104739,2101.7,427.3,28.3
789,45073031100,1491,48648,2901,0.05963246176615688,2156.4,708.0,36.9
790,45075010100,2068,44613,3056,0.06850021294241589,2410.2,631.9,14.0
791,45075010200,1876,39947,2598,0.0650361729291311,2115.7,467.2,14.8
792,45075010300,2550,42556,2616,0.06147194285177178,2135.9,467.0,12.8
793,45075010400,1468,40676,2848,0.07001671747467794,2304.3,525.8,18.2
794,45075010500,1222,52508,3302,0.06288565551915899,2585.8,698.6,17.4
795,45075010600,1750,41323,2877,0.0696222442707451,2417.8,446.5,12.9
796,45075010700,1005,47105,3150,0.06687188196582104,2558.5,571.1,20.7
797,45075010800,1568,49391,3287,0.06655058613917515,2809.0,465.5,12.1
798,45075010900,3056,69469,2931,0.042191481092285765,2586.6,332.2,12.1
799,45075011000,2470,53654,2737,0.051012040108845566,2471.9,255.6,9.1
800,45075011100,1267,41787,2832,0.06777227367363055,2541.3,281.5,9.4
801,45075011200,309,33083,2898,0.08759785992805973,2539.1,346.5,13.0
802,45075011300,1116,25207,2825,0.11207204347998571,2724.4,96.9,3.7
803,45075011400,1411,42676,2396,0.056143968506889116,2117.3,270.4,8.8
804,45075011500,1305,40249,3263,0.08107033715123357,2986.6,268.8,8.0
805,45075011600,2077,55113,5742,0.10418594523978009,5419.1,311.0,11.8
806,45075011700,1887,46140,2744,0.05947117468573906,2308.6,420.1,15.2
807,45075011800,1485,60305,3593,0.059580465964679544,2763.9,807.6,21.7
808,45075011900,1580,50161,2675,0.05332828292896872,2124.8,534.4,15.4
809,45075012000,1496,44873,3058,0.06814788402825753,2381.3,661.8,14.8
810,45077010100,1277,81367,3371,0.04142957218528396,2782.2,547.5,41.5
811,45077010200,1706,77443,3544,0.04576268997843575,2809.0,694.9,40.3
812,45077010300,2420,68486,2541,0.037102473498233215,1985.9,525.4,29.2
813,45077010401,847,49767,2706,0.05437337995056966,2155.7,512.3,37.8
814,45077010402,2196,52611,2499,0.04749957233278212,1923.4,541.3,33.9
815,45077010403,776,75678,2669,0.03526784534475012,2089.1,561.6,17.9
816,45077010501,1021,57751,2557,0.044276289588059084,2116.6,398.3,42.1
817,45077010502,1249,53180,2632,0.0494922903347123,2019.3,573.0,39.5
818,45077010601,1326,68876,2399,0.03483071026191997,2174.2,199.6,25.5
819,45077010602,2650,71745,2595,0.03616976792807861,2169.8,396.2,28.6
820,45077010700,1711,53084,2595,0.04888478637630925,1965.0,605.4,24.3
821,45077010801,1846,53769,2360,0.043891461622868194,1883.8,457.1,19.1
822,45077010802,1468,63847,2254,0.035303146584804296,1708.9,526.5,18.8
823,45077010803,1743,47310,2263,0.047833439019234834,1788.5,453.6,20.6
824,45077010804,1543,53987,2222,0.04115805656917406,1699.4,504.0,18.1
825,45077010901,2013,63515,2104,0.0331260332204991,1732.7,358.8,12.7
826,45077010902,2901,85218,2054,0.024102889060996502,1701.6,344.6,8.2
827,45077010903,2254,73464,2170,0.029538277251442882,1843.1,313.2,13.3
828,45077011001,1226,53887,2357,0.04373967747323102,1978.4,353.1,25.4
829,45077011002,2835,61024,2453,0.04019729942317777,1940.8,487.1,25.0
830,45077011003,950,57366,2424,0.04225499424746366,2158.9,244.9,20.1
831,45077011101,1128,89066,2623,0.029450070734062382,2055.1,545.9,21.6
832,45077011102,3440,35332,1527,0.04321861202309521,1429.7,89.9,7.8
833,45077011103,513,52445,2432,0.04637239012298598,1914.2,482.1,35.8
834,45077011202,93,45302,1714,0.03783497417332568,1461.1,238.8,14.3
835,45077011203,2675,90912,2186,0.024045230552622317,1926.7,249.1,10.4
836,45077011204,2243,45636,1918,0.04202822333245683,1644.5,263.2,10.0
837,45077011205,1325,45381,1287,0.02835988629602697,1071.6,207.7,7.6
838,45079000100,734,35849,2194,0.061201149264972526,1910.5,276.0,7.2
839,45079000200,589,38854,2303,0.059273176506923354,2035.0,263.4,4.5
840,45079000300,1103,38812,2157,0.05557559517674946,1804.1,343.8,9.6
841,45079000400,836,54218,2102,0.03876941237227489,1729.0,368.3,5.1
842,45079000500,807,28922,1980,0.06845999585090934,1696.1,275.4,8.4
843,45079000600,1165,72722,2062,0.028354555705288633,1630.6,423.2,8.5
844,45079000700,815,76383,2279,0.029836481939698623,1777.7,492.7,9.0
845,45079000900,911,29420,2138,0.07267165193745752,1882.4,248.7,7.2
846,45079001000,800,25912,1624,0.06267366471133065,1375.3,246.3,2.4
847,45079001100,1725,53190,2203,0.041417559691671366,1866.8,329.1,7.4
848,45079001200,757,132260,2336,0.017662180553455316,1796.3,532.8,6.6
849,45079001300,722,40077,2257,0.0563165905631659,1949.5,299.2,8.5
850,45079001600,743,82070,1395,0.01699768490313147,1295.0,98.6,0.9
851,45079002100,1484,84729,1854,0.02188152816627129,1516.9,331.1,5.7
852,45079002200,613,88053,2065,0.023451784720566023,1540.2,521.0,4.3
853,45079002300,907,145464,2538,0.017447615904966178,1873.5,656.0,8.3
854,45079002400,1716,125082,2285,0.018268016181385013,1772.8,504.7,7.5
855,45079002500,1651,114649,2391,0.02085495730446842,1762.3,621.2,7.1
856,45079002602,1377,72475,2231,0.030783028630562263,1754.9,470.1,5.9
857,45079002603,1930,41794,1867,0.044671483945063886,1611.6,248.5,7.2
858,45079002604,739,50163,1742,0.03472679066244044,1561.5,177.2,3.5
859,45079002700,1316,83899,2012,0.023981215509124066,1563.3,439.9,8.6
860,45079002800,1733,35671,1485,0.041630456112808724,1343.7,139.7,2.0
861,45079002900,517,64717,1135,0.017537895761546424,1092.0,42.6,0.3
862,45079003000,950,42283,1251,0.029586358583828017,1113.5,131.3,5.9
863,45079003100,506,43786,1659,0.037888822911432876,1544.4,108.0,6.1
864,45079010102,3038,87776,2049,0.023343510754648196,1706.1,333.1,9.5
865,45079010103,6967,88371,2333,0.02640006336920483,1963.4,359.1,10.4
866,45079010104,1688,86556,2206,0.025486390313785294,1870.2,313.0,22.8
867,45079010200,2226,77753,2264,0.029117847542860082,1899.4,336.8,27.9
868,45079010304,3503,52591,1507,0.028655093076762183,1410.9,92.1,3.7
869,45079010305,2643,80641,2223,0.027566622437717785,1928.0,278.5,16.1
870,45079010306,4218,113746,2193,0.019279798850069453,1812.4,363.6,17.0
871,45079010307,3422,117039,2358,0.020147130443698254,1962.6,384.5,11.2
872,45079010308,2035,100454,2289,0.022786549067234756,1990.2,288.6,10.1
873,45079010309,3469,90601,2062,0.0227591306939217,1843.5,210.3,8.6
874,45079010403,1997,51891,1625,0.03131564240427049,1423.3,192.1,9.4
875,45079010407,1668,53155,2036,0.03830307591007431,1729.5,296.2,10.4
876,45079010409,1064,33442,1226,0.036660486812989654,1173.9,51.3,1.1
877,45079010410,1586,46930,1625,0.03462603878116344,1525.4,96.4,3.0
878,45079010411,1843,33729,1370,0.04061786593139435,1299.9,69.7,0.8
879,45079010412,1627,44822,1686,0.037615456695372806,1492.9,188.9,4.3
880,45079010413,1163,44528,1235,0.027735357527847646,1158.3,74.9,1.7
881,45079010501,713,52910,2057,0.03887733887733888,1738.1,310.2,8.6
882,45079010502,378,37222,1818,0.04884208263929934,1582.1,230.7,4.9
883,45079010600,1901,35053,1963,0.05600091290331783,1748.8,205.3,8.9
884,45079010701,914,42168,2568,0.06089926010244735,2219.3,338.1,11.1
885,45079010702,1324,64489,2243,0.0347811254632573,1811.8,416.6,14.4
886,45079010703,1256,38361,2312,0.0602695445895571,1885.0,415.5,12.0
887,45079010803,830,40445,2048,0.05063666707874892,1679.5,360.6,7.4
888,45079010804,894,45405,2230,0.04911353375178945,1834.4,386.7,9.3
889,45079010805,1192,37111,1269,0.034194713157823825,1206.1,61.9,1.3
890,45079010900,1007,24947,2002,0.08025013027618551,1845.8,153.8,2.1
891,45079011000,595,43215,2178,0.05039916695591808,1826.7,344.3,7.3
892,45079011101,1373,73213,2018,0.027563410869654296,1640.6,365.7,11.4
893,45079011102,1774,90750,2129,0.02346005509641873,1575.5,531.9,21.2
894,45079011201,874,120860,2224,0.018401456230349163,1744.5,474.1,5.7
895,45079011202,1565,87538,2117,0.024183783042792843,1636.9,469.1,10.6
896,45079011301,2626,91763,1921,0.020934363523424475,1548.1,361.3,11.6
897,45079011303,2260,48680,1522,0.03126540673788003,1379.7,138.6,3.9
898,45079011304,2164,44643,1650,0.03695988172837847,1476.9,164.8,8.4
899,45079011305,1969,48889,2235,0.045715805191351835,1844.4,380.9,9.8
900,45079011404,3681,56404,1821,0.03228494433018935,1645.7,170.3,4.8
901,45079011407,1576,115220,1959,0.017002256552681828,1632.5,324.9,2.0
902,45079011411,1634,93531,2143,0.02291218954143546,1781.9,345.6,16.0
903,45079011412,1874,64939,2126,0.03273841605198725,1782.6,334.3,9.5
904,45079011413,3539,107555,1974,0.01835340058574683,1735.5,234.3,4.2
905,45079011414,2137,84933,1839,0.021652361273003427,1617.0,215.3,6.5
906,45079011415,4188,85362,2177,0.025503151285115155,1811.7,355.8,9.1
907,45079011416,4561,87062,2217,0.02546461142633985,1848.5,360.7,7.7
908,45079011417,3123,74303,1941,0.026122767586773076,1700.5,233.8,6.8
909,45079011418,1481,88985,2125,0.02388042928583469,1885.8,228.9,10.8
910,45079011419,1811,70756,2044,0.02888800949742778,1810.8,224.2,9.5
911,45079011502,737,83120,1552,0.01867179980750722,1471.1,80.9,0.5
912,45079011603,2263,96780,2092,0.021616036371151063,1732.1,353.4,6.8
913,45079011604,2525,117486,2003,0.017048839861770766,1652.9,343.3,6.9
914,45079011606,1956,72945,2034,0.027884022208513264,1767.1,260.3,6.2
915,45079011607,1875,45168,1438,0.03183669854764435,1324.4,112.6,1.5
916,45079011608,2860,59568,2068,0.034716626376578026,1764.3,295.7,7.8
917,45079011701,1649,32884,1719,0.05227466244982362,1595.3,120.3,3.4
918,45079011702,987,50894,2337,0.04591896883719102,1956.9,369.7,10.0
919,45079011800,2241,45742,2675,0.05848017139609112,2045.3,601.2,28.5
920,45079011901,2897,69189,2216,0.032028212577143764,1930.4,271.1,14.5
921,45079011902,1874,61813,2372,0.038373804863054695,2050.3,298.1,24.0
922,45079012000,1928,50443,2513,0.04981860714073311,2165.9,329.8,17.1
923,45081960100,1079,49879,2463,0.04937949838609435,2192.8,254.0,16.2
924,45081960201,1751,50450,2144,0.04249752229930624,1778.6,350.0,15.7
925,45081960202,1305,54485,2194,0.04026796365972286,1831.8,347.2,14.7
926,45081960300,1989,73437,2622,0.03570407287879407,2199.6,407.7,14.7
927,45081960400,1087,47968,2380,0.04961641094062708,2027.8,337.8,14.4
928,45083020301,480,29815,1188,0.039845715244004695,1001.4,178.1,8.2
929,45083020400,473,37502,1736,0.04629086448722735,1437.2,281.4,17.0
930,45083020500,531,29016,1341,0.04621588089330025,1104.7,213.3,22.7
931,45083020601,1112,45442,1280,0.028167774305708375,1059.2,214.7,6.6
932,45083020602,806,54561,1141,0.020912373306940856,960.0,174.0,7.2
933,45083020603,965,59073,1666,0.028202393648536557,1209.2,423.7,33.1
934,45083020701,1281,28623,1310,0.045767389861300356,1002.7,291.8,15.4
935,45083020702,801,44289,1429,0.03226534805482174,1169.9,236.9,22.5
936,45083020800,511,17802,1401,0.07869902258173239,1199.9,194.1,7.0
937,45083020900,634,48309,1510,0.03125711565132791,1106.0,386.0,17.7
938,45083021001,1065,31653,1535,0.048494613464758474,1190.4,326.6,17.9
939,45083021100,1575,51910,1605,0.030918898092853014,1179.7,394.0,31.0
940,45083021200,1363,95625,1372,0.014347712418300653,946.8,416.2,8.9
941,45083021301,1373,44378,1056,0.023795574383703638,922.9,127.4,5.6
942,45083021302,998,135933,1739,0.012793067172798364,1250.4,473.8,14.3
943,45083021303,2353,70841,1231,0.01737694273090442,1029.1,188.2,13.4
944,45083021401,658,65576,2038,0.03107844333292668,1850.8,172.5,14.9
945,45083021402,1385,63384,2093,0.03302095165972485,1877.4,203.3,12.3
946,45083021403,1461,45527,1419,0.031168317701583674,1211.0,198.2,10.0
947,45083021500,1407,41700,1539,0.036906474820143885,1235.7,286.3,16.5
948,45083021600,1080,41795,1368,0.032731187941141285,1101.3,226.4,39.9
949,45083021700,1546,34467,1576,0.04572489627759886,1288.6,269.2,18.2
950,45083021802,2010,34943,1157,0.03311106659416765,1016.1,130.1,10.8
951,45083021803,2724,63386,1358,0.02142428927523428,1062.0,285.8,10.5
952,45083021804,792,44859,1398,0.031164314853206716,1148.4,216.0,33.5
953,45083021901,2449,37524,1255,0.03344526169917919,1046.1,197.7,11.6
954,45083021902,3528,90603,1341,0.014800834409456641,999.3,334.8,6.9
955,45083022003,1542,62387,2021,0.03239456938144165,1793.6,205.4,22.3
956,45083022004,1079,54328,1357,0.024977911942276543,1068.6,267.3,20.8
957,45083022005,2321,84319,1305,0.01547693876824915,1009.7,288.2,6.7
958,45083022006,1561,54936,2122,0.03862676569098587,1799.1,296.8,26.2
959,45083022007,1506,75958,1442,0.018984175465388768,1111.8,317.3,13.0
960,45083022101,1361,89306,1535,0.017188094864846706,1246.1,265.7,23.3
961,45083022102,935,75443,2255,0.0298901157165012,1767.9,466.8,19.8
962,45083022201,1890,60255,2162,0.03588083976433491,1744.0,388.3,29.5
963,45083022202,1597,43940,2368,0.053891670459717794,1967.7,354.9,45.5
964,45083022302,1975,59989,2411,0.04019070162863191,2158.1,219.5,33.3
965,45083022303,720,39386,2497,0.0633981617833748,2203.5,266.6,27.2
966,45083022304,1592,55904,2324,0.04157126502575844,2069.7,230.3,23.9
967,45083022401,2328,72299,2642,0.036542690770273445,2370.4,241.6,29.5
968,45083022403,3145,77194,2360,0.030572324273907298,2074.2,263.2,22.9
969,45083022404,2120,90133,2211,0.024530416162781666,2054.9,139.6,16.4
970,45083022405,1559,71433,2125,0.02974815561435191,1833.5,276.5,14.6
971,45083022406,2839,72137,1299,0.01800740258119966,1061.1,223.3,14.5
972,45083022500,1567,65837,2343,0.03558789130731959,1928.4,359.7,54.6
973,45083022600,1393,58798,1694,0.028810503758631246,1269.0,382.8,41.9
974,45083022700,2715,66992,1574,0.02349534272748985,1302.2,243.6,28.4
975,45083022801,2430,81939,2236,0.027288592733618913,2035.4,173.6,26.6
976,45083022802,2618,67316,2161,0.03210232337037257,1947.9,190.5,22.7
977,45083022900,2651,57951,2186,0.03772152335593864,1904.9,233.2,48.1
978,45083023001,3320,69470,2276,0.0327623434576076,1991.9,264.2,19.7
979,45083023002,1250,65842,2209,0.0335500136690866,1939.9,244.6,24.8
980,45083023101,1772,49594,1945,0.03921845384522321,1763.8,153.8,27.8
981,45083023102,2302,46046,2359,0.05123137731833384,1975.4,351.2,32.5
982,45083023201,1462,75330,2422,0.03215186512677552,1772.0,631.1,18.9
983,45083023202,1511,68394,2347,0.03431587566160774,1712.8,616.0,18.0
984,45083023301,735,57209,2493,0.04357705955356675,1756.4,702.0,34.8
985,45083023302,1746,43174,2230,0.051651456895353685,1736.8,466.9,26.5
986,45083023401,835,80079,1547,0.019318423057230985,1308.9,214.4,23.6
987,45083023402,1581,102301,2145,0.020967536974223124,1856.2,276.9,12.2
988,45083023403,2704,96812,1508,0.015576581415527,1202.6,292.3,12.9
989,45083023404,2720,86869,2075,0.023886541804326054,1763.4,294.5,17.1
990,45083023405,2153,102542,2158,0.021045035205086698,1806.6,329.6,22.2
991,45083023500,1921,62981,2788,0.044267318715168064,2520.7,239.8,27.9
992,45083023600,2508,46600,1498,0.032145922746781116,1251.6,200.1,46.3
993,45083023700,1670,48497,2312,0.047673051941357195,1920.1,349.0,42.8
994,45083023801,2109,100953,2420,0.02397155111784692,2033.4,360.5,25.8
995,45083023802,1654,68411,2124,0.031047638537662074,1869.2,214.3,40.1
996,45083023900,1882,53140,2449,0.046085811065111025,2085.3,320.5,43.6
997,45085000100,931,44389,2780,0.06262812859041654,2514.1,233.2,32.7
998,45085000201,1887,59870,2510,0.04192416903290463,2078.8,412.2,19.0
999,45085000202,2564,61498,2321,0.037741064750073175,2103.2,211.0,7.0
1000,45085000300,1312,49252,1309,0.026577600909607733,1170.3,133.3,5.6
1001,45085000400,3443,61307,2337,0.03811962744874158,2010.1,312.4,14.1
1002,45085000500,800,52475,2572,0.049013816102906144,2196.5,351.1,24.6
1003,45085000600,1673,48284,2213,0.04583298815342556,1925.9,264.4,22.8
1004,45085000700,1500,49147,2227,0.04531304047042546,1929.1,280.3,17.9
1005,45085000800,1016,30668,2350,0.07662710316942742,1998.0,343.7,8.0
1006,45085000901,2013,38235,1507,0.03941414933961031,1372.6,124.5,9.6
1007,45085000902,1595,87314,2144,0.024555054172297683,1730.5,394.0,19.7
1008,45085001100,1513,41436,2455,0.059247996910898736,2081.7,345.4,28.2
1009,45085001300,784,30367,1806,0.05947245365034412,1584.0,207.8,14.0
1010,45085001500,665,35666,2320,0.06504794482139853,1928.2,361.8,30.0
1011,45085001600,1445,35823,2257,0.06300421516902549,1940.6,296.7,19.6
1012,45085001701,2481,91759,2212,0.024106627142841574,1836.3,360.5,14.9
1013,45085001703,2062,69659,1981,0.02843853629825292,1801.7,169.0,10.2
1014,45085001704,2245,79315,2085,0.026287587467692115,1897.5,177.7,10.2
1015,45085001801,1431,51864,2304,0.044423877834335955,2129.4,162.8,11.9
1016,45085001802,3583,49247,2183,0.04432757325319309,1981.0,188.1,13.7
1017,45085001901,2349,58144,2254,0.038765822784810125,2015.2,225.5,13.8
1018,45085001902,2183,50497,2374,0.04701269382339545,2091.5,268.9,13.9
1019,45085002000,1662,42997,1681,0.03909575086633951,1397.1,268.6,15.2
1020,45087030100,907,45504,2696,0.059247538677918425,2058.4,615.0,22.8
1021,45087030200,1212,41286,2494,0.0604078864506128,1891.2,582.7,20.3
1022,45087030300,1590,44562,2699,0.06056729949284143,2042.9,630.5,26.0
1023,45087030400,2374,42917,2544,0.059277209497401964,2016.9,505.2,22.0
1024,45087030500,812,66419,2598,0.03911531338924103,2134.6,431.2,32.5
1025,45087030600,780,44855,2787,0.06213354141121391,2167.7,566.7,52.5
1026,45087030700,1367,59407,2735,0.046038345649502585,2236.2,444.3,54.1
1027,45087030800,1455,56045,2774,0.04949594076188777,2342.3,399.6,32.0
1028,45087030900,1047,46211,2859,0.061868386314946656,2336.3,486.2,36.4
1029,45089970100,883,47055,2680,0.056954627563489534,2230.9,426.1,23.0
1030,45089970200,558,36763,2479,0.06743192884149825,2091.1,363.4,24.8
1031,45089970300,1841,51389,2556,0.04973827083617117,2234.2,304.0,18.1
1032,45089970400,1031,44735,3087,0.06900637085056444,2453.2,612.1,21.6
1033,45089970501,1347,38608,2589,0.06705864069622876,2150.2,408.2,30.3
1034,45089970502,1580,35076,2308,0.06579997719238226,2050.8,235.2,21.8
1035,45089970600,2256,44636,2320,0.0519759835110673,1897.4,406.3,16.8
1036,45089970700,940,43560,2952,0.06776859504132231,2343.1,587.0,21.3
1037,45089970801,1011,41891,3046,0.07271251581485283,2530.3,496.8,19.0
1038,45089970900,964,59782,2775,0.046418654444481615,2236.0,509.8,29.4
1039,45091060102,1176,62641,2084,0.03326894525949458,1546.7,530.1,7.7
1040,45091060200,1595,48248,2087,0.04325567899187531,1697.7,374.8,14.4
1041,45091060300,1618,42155,2133,0.05059897995492824,1670.9,452.2,9.7
1042,45091060401,1040,32001,2238,0.06993531452142121,1773.1,438.4,26.8
1043,45091060402,798,52583,1863,0.03542970161459027,1489.6,366.1,7.5
1044,45091060501,1417,29546,1813,0.06136194408718608,1538.7,269.1,5.2
1045,45091060502,963,41150,2224,0.05404617253948967,1699.4,514.4,10.6
1046,45091060700,2166,91084,2174,0.023868077818277635,1671.0,488.7,14.3
1047,45091060802,728,61817,2257,0.03651099212190821,1685.5,560.9,11.0
1048,45091060803,2191,55948,1840,0.03288768141846,1505.4,322.6,12.2
1049,45091060804,1982,56117,1883,0.033554894238822464,1549.0,327.7,6.8
1050,45091060901,2463,52016,1556,0.029913872654567825,1407.4,145.6,2.7
1051,45091060904,2525,85116,2130,0.02502467221204004,1624.1,499.6,6.0
1052,45091060905,3981,62595,1837,0.029347391964214393,1482.6,349.0,5.8
1053,45091060906,3582,99746,2173,0.021785334750265676,1654.9,510.8,7.1
1054,45091060907,3777,82010,1946,0.023728813559322035,1597.2,342.6,5.9
1055,45091061003,4423,134596,1848,0.013729977116704805,1483.1,356.8,8.0
1056,45091061004,2929,120139,2174,0.018095705807439716,1627.7,544.4,2.3
1057,45091061005,4552,110668,1587,0.014340188672425633,1209.9,373.2,4.2
1058,45091061006,1230,137938,1815,0.013158085516681408,1375.8,433.4,5.3
1059,45091061007,2940,81557,1522,0.018661794818347902,1238.0,277.8,6.5
1060,45091061008,2285,122447,2117,0.01728911284065759,1580.8,527.2,8.5
1061,45091061101,1642,66551,2185,0.032831963456597196,1591.2,587.5,6.0
1062,45091061103,2190,112905,2238,0.019821974226119303,1683.8,549.8,4.3
1063,45091061104,1731,121450,2267,0.01866611774392754,1688.5,573.5,5.4
1064,45091061201,3316,69251,2049,0.029588020389597264,1713.5,329.5,6.3
1065,45091061202,1740,75232,1840,0.024457677584006805,1488.2,339.0,12.5
1066,45091061203,2550,77408,1849,0.023886420008267878,1566.9,269.4,12.2
1067,45091061301,1725,60314,2156,0.03574626123288126,1702.1,443.4,10.2
1068,45091061302,1757,83693,2021,0.02414777818933483,1615.5,394.1,11.3
1069,45091061401,1566,56896,1833,0.03221667604049494,1640.6,177.4,14.5
1070,45091061403,2082,79447,2073,0.026092866942741703,1652.6,413.0,7.9
1071,45091061404,1383,112644,2105,0.018687191505983452,1583.7,517.8,3.8
1072,45091061501,2971,72020,1820,0.02527075812274368,1602.4,205.3,12.2
1073,45091061502,3172,78396,1868,0.023827746313587427,1486.3,371.2,10.4
1074,45091061601,1163,54307,1854,0.03413924540114534,1605.6,233.6,15.1
1075,45091061602,2429,55901,1722,0.030804457880896585,1321.9,380.1,20.2
1076,45091061701,1609,68616,1972,0.028739652559169875,1738.4,213.3,20.3
1077,45091061705,1999,80212,1855,0.02312621552884855,1508.4,327.5,18.8
1078,45091061706,2143,80754,1806,0.022364217252396165,1468.9,320.7,16.8
1079,45091061707,4003,104830,1696,0.016178574835447868,1377.5,313.2,5.5
1080,45091061708,1984,119353,1744,0.014612116997478069,1325.5,415.3,2.7
1081,45091061801,993,58225,1815,0.031172176899957063,1450.6,342.6,21.6
1082,45091061802,1835,72562,1874,0.02582619001681321,1473.0,383.6,17.3
1083,45091061900,1811,54377,1794,0.03299188995347298,1500.1,256.6,37.4
